id,date,store_nbr,item_nbr,unit_sales,onpromotion
0,2013-01-01,25,103665,7.0,
578,2013-01-02,1,103665,2.0,
42254,2013-01-03,1,103665,3.0,
82354,2013-01-04,1,103520,2.0,
122402,2013-01-05,1,103520,3.0,
164936,2013-01-06,1,103665,2.0,
206809,2013-01-07,1,103520,2.0,
246109,2013-01-08,1,103520,6.0,
285240,2013-01-09,1,103520,3.0,
324276,2013-01-10,1,96995,1.0,
362634,2013-01-11,1,96995,1.0,
401889,2013-01-12,1,103520,1.0,
444063,2013-01-13,1,105574,4.0,
486204,2013-01-14,1,96995,1.0,
525527,2013-01-15,1,103520,1.0,
565197,2013-01-16,1,103520,3.0,
605282,2013-01-17,1,103520,3.0,
644444,2013-01-18,1,96995,2.0,
684246,2013-01-19,1,103665,6.0,
727662,2013-01-20,1,103520,2.0,
770056,2013-01-21,1,96995,1.0,
810117,2013-01-22,1,103520,5.0,
849526,2013-01-23,1,103520,5.0,
888973,2013-01-24,1,103520,2.0,
927560,2013-01-25,1,96995,1.0,
967438,2013-01-26,1,103520,4.0,
1010711,2013-01-27,1,103520,1.0,
1052871,2013-01-28,1,96995,1.0,
1092665,2013-01-29,1,103520,1.0,
1132094,2013-01-30,1,103520,2.0,
1171957,2013-01-31,1,96995,1.0,
1211964,2013-02-01,1,103665,6.0,
1254404,2013-02-02,1,103665,1.0,
1299575,2013-02-03,1,103520,2.0,
1343109,2013-02-04,1,103520,2.0,
1384585,2013-02-05,1,96995,1.0,
1425707,2013-02-06,1,103520,3.0,
1466758,2013-02-07,1,103520,4.0,
1507189,2013-02-08,1,103520,1.0,
1548843,2013-02-09,1,103520,3.0,
1592614,2013-02-10,1,103665,2.0,
1632318,2013-02-11,1,103665,1.0,
1670959,2013-02-12,1,103665,3.0,
1710821,2013-02-13,1,96995,4.0,
1752224,2013-02-14,1,103520,19.0,
1792545,2013-02-15,1,103665,5.0,
1833687,2013-02-16,1,103520,1.0,
1877688,2013-02-17,1,103665,1.0,
1919252,2013-02-18,1,103520,1.0,
1960586,2013-02-19,1,96995,1.0,
2001035,2013-02-20,1,103520,1.0,
2042138,2013-02-21,1,103665,10.0,
2082187,2013-02-22,1,103520,1.0,
2122776,2013-02-23,1,103520,1.0,
2166510,2013-02-24,1,96995,1.0,
2209613,2013-02-25,1,103520,2.0,
2250605,2013-02-26,1,103520,1.0,
2291030,2013-02-27,1,103520,2.0,
2331625,2013-02-28,1,103520,1.0,
2372350,2013-03-01,1,96995,1.0,
2415666,2013-03-02,1,96995,1.0,
2461542,2013-03-03,1,103520,1.0,
2506034,2013-03-04,1,96995,2.0,
2548682,2013-03-05,1,96995,1.0,
2590546,2013-03-06,1,96995,1.0,
2632442,2013-03-07,1,103520,5.0,
2673414,2013-03-08,1,103520,4.0,
2714515,2013-03-09,1,96995,1.0,
2759103,2013-03-10,1,103520,2.0,
2802471,2013-03-11,1,96995,1.0,
2843775,2013-03-12,1,103520,3.0,
2883894,2013-03-13,1,103520,4.0,
2924449,2013-03-14,1,103520,2.0,
2964019,2013-03-15,1,103520,1.0,
3005653,2013-03-16,1,103520,7.0,
3051464,2013-03-17,1,105575,2.0,
3096458,2013-03-18,1,103665,7.0,
3138830,2013-03-19,1,103520,6.0,
3180671,2013-03-20,1,96995,2.0,
3223065,2013-03-21,1,103520,3.0,
3264169,2013-03-22,1,96995,2.0,
3306184,2013-03-23,1,103520,3.0,
3351643,2013-03-24,1,96995,1.0,
3395696,2013-03-25,1,103520,1.0,
3437658,2013-03-26,1,103520,1.0,
3478604,2013-03-27,1,96995,4.0,
3520267,2013-03-28,1,103520,1.0,
3563168,2013-03-29,1,96995,1.0,
3605593,2013-03-30,1,105574,2.0,
3650600,2013-03-31,1,103665,1.0,
3694277,2013-04-01,1,103520,1.0,
3738322,2013-04-02,1,105574,3.0,
3781629,2013-04-03,1,103520,2.0,
3824816,2013-04-04,1,103665,8.0,
3866859,2013-04-05,1,96995,4.0,
3909455,2013-04-06,1,103665,3.0,
3955266,2013-04-07,1,105574,6.0,
3999892,2013-04-08,1,103665,4.0,
4042228,2013-04-09,1,96995,1.0,
4083650,2013-04-10,1,103520,4.0,
4125521,2013-04-11,1,96995,3.0,
4166814,2013-04-12,1,103520,5.0,
4209095,2013-04-13,1,103520,2.0,
4254374,2013-04-14,1,96995,1.0,
4298581,2013-04-15,1,103665,2.0,
4341051,2013-04-16,1,96995,1.0,
4383507,2013-04-17,1,96995,1.0,
4425734,2013-04-18,1,96995,1.0,
4466445,2013-04-19,1,103665,4.0,
4508224,2013-04-20,1,96995,1.0,
4553361,2013-04-21,1,103520,1.0,
4597639,2013-04-22,1,103520,4.0,
4639739,2013-04-23,1,96995,1.0,
4681333,2013-04-24,1,96995,2.0,
4722914,2013-04-25,1,96995,1.0,
4763500,2013-04-26,1,96995,2.0,
4805165,2013-04-27,1,96995,1.0,
4850310,2013-04-28,1,103520,1.0,
4894486,2013-04-29,1,103520,2.0,
4936504,2013-04-30,1,103520,2.0,
4978652,2013-05-01,1,105574,1.0,
5024160,2013-05-02,1,103520,7.0,
5067049,2013-05-03,1,103520,4.0,
5110225,2013-05-04,1,103520,3.0,
5156596,2013-05-05,1,103520,2.0,
5202345,2013-05-06,1,103520,3.0,
5245180,2013-05-07,1,103520,4.0,
5287247,2013-05-08,1,96995,3.0,
5329375,2013-05-09,1,96995,1.0,
5371998,2013-05-10,1,96995,1.0,
5415417,2013-05-11,1,103520,5.0,
5462794,2013-05-12,1,103520,1.0,
5506752,2013-05-13,1,96995,3.0,
5550160,2013-05-14,1,96995,4.0,
5592866,2013-05-15,1,103520,2.0,
5636099,2013-05-16,1,96995,1.0,
5678946,2013-05-17,1,103520,7.0,
5722275,2013-05-18,1,96995,3.0,
5769406,2013-05-19,1,103665,4.0,
5815504,2013-05-20,1,103520,2.0,
5859000,2013-05-21,1,96995,1.0,
5901569,2013-05-22,1,96995,1.0,
5944187,2013-05-23,1,103520,4.0,
5986770,2013-05-24,1,103665,2.0,
6032207,2013-05-25,1,103665,5.0,
6078284,2013-05-26,1,103520,6.0,
6123580,2013-05-27,1,103520,1.0,
6166521,2013-05-28,1,103665,1.0,
6209600,2013-05-29,1,103520,2.0,
6252757,2013-05-30,1,103520,2.0,
6295880,2013-05-31,1,96995,4.0,
6339569,2013-06-01,1,96995,1.0,
6388399,2013-06-02,1,96995,1.0,
6436348,2013-06-03,1,103520,1.0,
6481952,2013-06-04,1,103520,3.0,
6526661,2013-06-05,1,96995,2.0,
6571492,2013-06-06,1,96995,3.0,
6615088,2013-06-07,1,103665,7.0,
6659550,2013-06-08,1,96995,1.0,
6707029,2013-06-09,1,103520,1.0,
6753955,2013-06-10,1,96995,5.0,
6798146,2013-06-11,1,96995,1.0,
6840876,2013-06-12,1,96995,3.0,
6884537,2013-06-13,1,103520,7.0,
6927276,2013-06-14,1,96995,2.0,
6971311,2013-06-15,1,96995,1.0,
7019758,2013-06-16,1,103520,1.0,
7065666,2013-06-17,1,96995,1.0,
7110326,2013-06-18,1,96995,3.0,
7154187,2013-06-19,1,103520,5.0,
7197633,2013-06-20,1,96995,2.0,
7241096,2013-06-21,1,103520,6.0,
7285071,2013-06-22,1,96995,3.0,
7332602,2013-06-23,1,103520,1.0,
7379626,2013-06-24,1,103520,1.0,
7423670,2013-06-25,1,96995,1.0,
7467068,2013-06-26,1,96995,2.0,
7510570,2013-06-27,1,96995,3.0,
7553078,2013-06-28,1,96995,1.0,
7597369,2013-06-29,1,96995,3.0,
7646036,2013-06-30,1,103665,1.0,
7693433,2013-07-01,1,103520,1.0,
7740028,2013-07-02,1,96995,1.0,
7785739,2013-07-03,1,96995,5.0,
7831063,2013-07-04,1,96995,1.0,
7875601,2013-07-05,1,96995,4.0,
7920483,2013-07-06,1,96995,1.0,
7968647,2013-07-07,1,96995,1.0,
8015612,2013-07-08,1,103520,3.0,
8059641,2013-07-09,1,103520,1.0,
8103001,2013-07-10,1,103520,1.0,
8145932,2013-07-11,1,96995,1.0,
8188266,2013-07-12,1,96995,1.0,
8231216,2013-07-13,1,103520,9.0,
8277813,2013-07-14,1,96995,1.0,
8323213,2013-07-15,1,103520,3.0,
8367375,2013-07-16,1,103520,1.0,
8411449,2013-07-17,1,96995,1.0,
8455133,2013-07-18,1,96995,1.0,
8497758,2013-07-19,1,96995,2.0,
8541156,2013-07-20,1,96995,3.0,
8587976,2013-07-21,1,103520,2.0,
8633686,2013-07-22,1,96995,2.0,
8678004,2013-07-23,1,103520,1.0,
8721948,2013-07-24,1,96995,1.0,
8765242,2013-07-25,1,103520,1.0,
8808971,2013-07-26,1,103520,1.0,
8852809,2013-07-27,1,96995,2.0,
8899747,2013-07-28,1,96995,1.0,
8945326,2013-07-29,1,103665,1.0,
8989344,2013-07-30,1,103665,4.0,
9033401,2013-07-31,1,103520,1.0,
9079012,2013-08-01,1,96995,2.0,
9125674,2013-08-02,1,96995,2.0,
9172127,2013-08-03,1,96995,2.0,
9221283,2013-08-04,1,103520,1.0,
9268737,2013-08-05,1,96995,2.0,
9315080,2013-08-06,1,96995,1.0,
9360513,2013-08-07,1,96995,1.0,
9405561,2013-08-08,1,103520,5.0,
9449989,2013-08-09,1,96995,2.0,
9494848,2013-08-10,1,103520,2.0,
9542285,2013-08-11,1,103665,2.0,
9588710,2013-08-12,1,96995,3.0,
9634071,2013-08-13,1,96995,1.0,
9678695,2013-08-14,1,96995,1.0,
9722954,2013-08-15,1,96995,1.0,
9767476,2013-08-16,1,96995,3.0,
9813303,2013-08-17,1,96995,1.0,
9861449,2013-08-18,1,105574,2.0,
9908473,2013-08-19,1,103665,1.0,
9953746,2013-08-20,1,103665,7.0,
9999159,2013-08-21,1,96995,1.0,
10044147,2013-08-22,1,96995,1.0,
10087952,2013-08-23,1,96995,1.0,
10132903,2013-08-24,1,103520,3.0,
10180928,2013-08-25,1,105575,6.0,
10227831,2013-08-26,1,96995,1.0,
10272982,2013-08-27,1,96995,2.0,
10317533,2013-08-28,1,103520,2.0,
10361893,2013-08-29,1,103520,5.0,
10405802,2013-08-30,1,103520,2.0,
10451379,2013-08-31,1,103665,8.0,
10500756,2013-09-01,1,103665,1.0,
10550033,2013-09-02,1,103520,4.0,
10597421,2013-09-03,1,103520,6.0,
10643831,2013-09-04,1,103520,3.0,
10690027,2013-09-05,1,96995,2.0,
10735039,2013-09-06,1,103520,4.0,
10779891,2013-09-07,1,96995,1.0,
10828941,2013-09-08,1,105574,5.0,
10877108,2013-09-09,1,103520,1.0,
10922329,2013-09-10,1,96995,1.0,
10966556,2013-09-11,1,96995,1.0,
11010886,2013-09-12,1,96995,1.0,
11054016,2013-09-13,1,103665,3.0,
11098497,2013-09-14,1,96995,1.0,
11147038,2013-09-15,1,103665,1.0,
11195111,2013-09-16,1,96995,1.0,
11240757,2013-09-17,1,96995,1.0,
11285547,2013-09-18,1,103665,3.0,
11329859,2013-09-19,1,103520,3.0,
11373138,2013-09-20,1,96995,1.0,
11417943,2013-09-21,1,103520,3.0,
11466414,2013-09-22,1,103520,1.0,
11513944,2013-09-23,1,96995,2.0,
11559237,2013-09-24,1,103520,6.0,
11603527,2013-09-25,1,103520,3.0,
11647838,2013-09-26,1,103520,1.0,
11691196,2013-09-27,1,103520,2.0,
11735802,2013-09-28,1,103520,1.0,
11784943,2013-09-29,1,103520,2.0,
11833093,2013-09-30,1,103520,1.0,
11879194,2013-10-01,1,103520,1.0,
11926885,2013-10-02,1,103520,7.0,
11974031,2013-10-03,1,103520,1.0,
12019800,2013-10-04,1,96995,3.0,
12066182,2013-10-05,1,103520,2.0,
12115663,2013-10-06,1,103520,2.0,
12163824,2013-10-07,1,96995,1.0,
12209706,2013-10-08,1,103520,5.0,
12254732,2013-10-09,1,103665,5.0,
12299255,2013-10-10,1,103665,2.0,
12343872,2013-10-11,1,96995,1.0,
12390670,2013-10-12,1,103665,7.0,
12438230,2013-10-13,1,103665,1.0,
12485814,2013-10-14,1,103665,1.0,
12531065,2013-10-15,1,103665,5.0,
12575730,2013-10-16,1,96995,1.0,
12621654,2013-10-17,1,96995,1.0,
12666269,2013-10-18,1,103520,2.0,
12711030,2013-10-19,1,96995,3.0,
12760227,2013-10-20,1,103520,1.0,
12808797,2013-10-21,1,96995,2.0,
12854320,2013-10-22,1,96995,1.0,
12898861,2013-10-23,1,96995,3.0,
12943822,2013-10-24,1,96995,1.0,
12987425,2013-10-25,1,103520,2.0,
13032083,2013-10-26,1,103520,2.0,
13080697,2013-10-27,1,103520,2.0,
13128978,2013-10-28,1,103520,1.0,
13174395,2013-10-29,1,96995,1.0,
13218732,2013-10-30,1,96995,1.0,
13263375,2013-10-31,1,103665,1.0,
13307870,2013-11-01,1,96995,2.0,
13355181,2013-11-02,1,103665,3.0,
13405145,2013-11-03,1,103665,2.0,
13454473,2013-11-04,1,96995,3.0,
13501577,2013-11-05,1,96995,2.0,
13550578,2013-11-06,1,96995,1.0,
13599256,2013-11-07,1,96995,1.0,
13646671,2013-11-08,1,96995,2.0,
13694699,2013-11-09,1,103665,3.0,
13746547,2013-11-10,1,105575,9.0,
13798155,2013-11-11,1,103520,2.0,
13846217,2013-11-12,1,96995,2.0,
13893495,2013-11-13,1,96995,4.0,
13940642,2013-11-14,1,96995,2.0,
13986709,2013-11-15,1,96995,1.0,
14034677,2013-11-16,1,96995,2.0,
14087214,2013-11-17,1,103520,4.0,
14139017,2013-11-18,1,96995,1.0,
14187765,2013-11-19,1,96995,1.0,
14235044,2013-11-20,1,96995,1.0,
14283395,2013-11-21,1,103520,11.0,
14329883,2013-11-22,1,96995,1.0,
14377659,2013-11-23,1,103520,3.0,
14429826,2013-11-24,1,103520,4.0,
14481593,2013-11-25,1,103520,4.0,
14530129,2013-11-26,1,103665,3.0,
14577494,2013-11-27,1,96995,2.0,
14624899,2013-11-28,1,103520,6.0,
14671864,2013-11-29,1,103520,2.0,
14720286,2013-11-30,1,96995,1.0,
14774267,2013-12-01,1,103520,1.0,
14828575,2013-12-02,1,96995,1.0,
14880583,2013-12-03,1,96995,1.0,
14931228,2013-12-04,1,103665,3.0,
14981463,2013-12-05,1,103665,9.0,
15030763,2013-12-06,1,105574,1.0,
15080757,2013-12-07,1,105574,2.0,
15134237,2013-12-08,1,105575,6.0,
15187011,2013-12-09,1,96995,2.0,
15237310,2013-12-10,1,105574,10.0,
15286868,2013-12-11,1,105574,11.0,
15336369,2013-12-12,1,103665,4.0,
15385170,2013-12-13,1,103665,1.0,
15434517,2013-12-14,1,103665,1.0,
15488109,2013-12-15,1,103665,4.0,
15542127,2013-12-16,1,96995,1.0,
15594156,2013-12-17,1,96995,1.0,
15645342,2013-12-18,1,96995,1.0,
15696569,2013-12-19,1,103520,19.0,
15747513,2013-12-20,1,103520,3.0,
15798301,2013-12-21,1,96995,2.0,
15852408,2013-12-22,1,96995,1.0,
15906356,2013-12-23,1,103520,20.0,
15960488,2013-12-24,1,96995,3.0,
15960489,2013-12-25,1,96995,3.0,
16012566,2013-12-26,1,103665,4.0,
16063456,2013-12-27,1,96995,1.0,
16114788,2013-12-28,1,103665,4.0,
16167861,2013-12-29,1,105574,1.0,
16218589,2013-12-30,1,96995,2.0,
16272012,2013-12-31,1,103665,2.0,
16322662,2014-01-01,25,96995,1.0,
16324573,2014-01-02,1,96995,4.0,
16391392,2014-01-03,1,96995,3.0,
16456468,2014-01-04,1,103665,3.0,
16525520,2014-01-05,1,103665,4.0,
16593080,2014-01-06,1,103665,3.0,
16655706,2014-01-07,1,103520,1.0,
16718460,2014-01-08,1,103520,1.0,
16781750,2014-01-09,1,103520,3.0,
16843685,2014-01-10,1,103520,4.0,
16906542,2014-01-11,1,103665,1.0,
16974935,2014-01-12,1,103520,1.0,
17042207,2014-01-13,1,103520,1.0,
17105522,2014-01-14,1,105574,6.0,
17167844,2014-01-15,1,103520,1.0,
17231413,2014-01-16,1,103520,1.0,
17294541,2014-01-17,1,103520,2.0,
17357959,2014-01-18,1,103520,1.0,
17426823,2014-01-19,1,103665,3.0,
17494453,2014-01-20,1,103520,1.0,
17558157,2014-01-21,1,103520,2.0,
17621398,2014-01-22,1,103520,1.0,
17683728,2014-01-23,1,103520,1.0,
17745382,2014-01-24,1,103520,2.0,
17808495,2014-01-25,1,103665,4.0,
17876684,2014-01-26,1,105574,7.0,
17943991,2014-01-27,1,103665,6.0,
18006950,2014-01-28,1,103520,1.0,
18069008,2014-01-29,1,103520,4.0,
18130722,2014-01-30,1,103520,1.0,
18192112,2014-01-31,1,103520,3.0,
18256506,2014-02-01,1,103520,3.0,
18311796,2014-02-02,1,105574,5.0,
18365035,2014-02-03,1,103520,3.0,
18416248,2014-02-04,1,103520,2.0,
18466429,2014-02-05,1,103520,2.0,
18516207,2014-02-06,1,103520,3.0,
18565093,2014-02-07,1,103520,1.0,
18614517,2014-02-08,1,103520,6.0,
18667559,2014-02-09,1,105575,6.0,
18718980,2014-02-10,1,103520,3.0,
18768326,2014-02-11,1,103520,5.0,
18817156,2014-02-12,1,103520,7.0,
18866184,2014-02-13,1,103520,6.0,
18914609,2014-02-14,1,103520,6.0,
18962717,2014-02-15,1,103520,2.0,
19015762,2014-02-16,1,105575,6.0,
19067854,2014-02-17,1,103520,3.0,
19117027,2014-02-18,1,103520,2.0,
19165538,2014-02-19,1,103520,3.0,
19213776,2014-02-20,1,103520,3.0,
19261348,2014-02-21,1,103520,7.0,
19309617,2014-02-22,1,103520,1.0,
19361537,2014-02-23,1,103665,2.0,
19411822,2014-02-24,1,103665,3.0,
19461159,2014-02-25,1,103665,3.0,
19509126,2014-02-26,1,103520,5.0,
19557485,2014-02-27,1,103520,2.0,
19605526,2014-02-28,1,103520,3.0,
19655926,2014-03-01,1,103665,2.0,
19725977,2014-03-02,1,103665,2.0,
19790491,2014-03-03,1,103665,8.0,
19853007,2014-03-04,1,105574,2.0,
19917192,2014-03-05,1,103520,1.0,
19983054,2014-03-06,1,103520,4.0,
20047780,2014-03-07,1,103520,2.0,
20111771,2014-03-08,1,103520,4.0,
20178735,2014-03-09,1,103520,1.0,
20245650,2014-03-10,1,103520,1.0,
20308548,2014-03-11,1,103520,1.0,
20370686,2014-03-12,1,103520,1.0,
20432956,2014-03-13,1,103520,7.0,
20494446,2014-03-14,1,103520,1.0,
20557205,2014-03-15,1,103665,8.0,
20624289,2014-03-16,1,103520,3.0,
20691574,2014-03-17,1,103520,2.0,
20755461,2014-03-18,1,103520,1.0,
20818288,2014-03-19,1,103520,2.0,
20881444,2014-03-20,1,103520,3.0,
20943937,2014-03-21,1,103520,5.0,
21007547,2014-03-22,1,103665,11.0,
21075530,2014-03-23,1,105574,2.0,
21142092,2014-03-24,1,103520,1.0,
21205429,2014-03-25,1,103520,4.0,
21268079,2014-03-26,1,103520,4.0,
21330853,2014-03-27,1,103520,3.0,
21392433,2014-03-28,1,103520,5.0,
21455859,2014-03-29,1,103520,4.0,
21524738,2014-03-30,1,103520,2.0,
21592270,2014-03-31,1,103520,5.0,
21657651,2014-04-01,1,103520,1.0,False
21709188,2014-04-02,1,103520,1.0,False
21760255,2014-04-03,1,103520,4.0,False
21809958,2014-04-04,1,103520,2.0,False
21860048,2014-04-05,1,103520,1.0,False
21913565,2014-04-06,1,103520,3.0,False
21965655,2014-04-07,1,103520,4.0,False
22015476,2014-04-08,1,103520,3.0,False
22064493,2014-04-09,1,103520,4.0,False
22113317,2014-04-10,1,103520,4.0,False
22161314,2014-04-11,1,103520,3.0,False
22210303,2014-04-12,1,103520,3.0,False
22262868,2014-04-13,1,103520,1.0,False
22314011,2014-04-14,1,103520,9.0,False
22362159,2014-04-15,1,103520,9.0,False
22410500,2014-04-16,1,103520,2.0,False
22459681,2014-04-17,1,103665,4.0,False
22508835,2014-04-18,1,103520,5.0,False
22557105,2014-04-19,1,103520,4.0,False
22608062,2014-04-20,1,103665,1.0,False
22657784,2014-04-21,1,103665,5.0,False
22706010,2014-04-22,1,103520,4.0,False
22753702,2014-04-23,1,103665,3.0,False
22801778,2014-04-24,1,103520,7.0,False
22849084,2014-04-25,1,103520,1.0,False
22896907,2014-04-26,1,103520,2.0,False
22948376,2014-04-27,1,103520,1.0,False
22999217,2014-04-28,1,103520,6.0,False
23047025,2014-04-29,1,103520,1.0,False
23094234,2014-04-30,1,103520,3.0,False
23142473,2014-05-01,1,103520,3.0,False
23194101,2014-05-02,1,103520,2.0,False
23244436,2014-05-03,1,103665,4.0,False
23297770,2014-05-04,1,105574,3.0,False
23349754,2014-05-05,1,103520,1.0,False
23398768,2014-05-06,1,103520,5.0,False
23447270,2014-05-07,1,103520,5.0,False
23495593,2014-05-08,1,103520,5.0,False
23543080,2014-05-09,1,103520,6.0,False
23591267,2014-05-10,1,103520,6.0,False
23643832,2014-05-11,1,103665,3.0,False
23693304,2014-05-12,1,103520,2.0,False
23741960,2014-05-13,1,103520,2.0,False
23789901,2014-05-14,1,103520,3.0,False
23837766,2014-05-15,1,103665,4.0,False
23884950,2014-05-16,1,103520,1.0,False
23933711,2014-05-17,1,103520,1.0,False
23986480,2014-05-18,1,103520,1.0,False
24038719,2014-05-19,1,103665,4.0,False
24087497,2014-05-20,1,103520,2.0,False
24135841,2014-05-21,1,103520,1.0,False
24183802,2014-05-22,1,103520,6.0,False
24230626,2014-05-23,1,103665,6.0,False
24278411,2014-05-24,1,103520,3.0,False
24330851,2014-05-25,1,103665,1.0,False
24382597,2014-05-26,1,103520,1.0,False
24431192,2014-05-27,1,103520,2.0,False
24478670,2014-05-28,1,103665,3.0,False
24526563,2014-05-29,1,103520,2.0,False
24575422,2014-05-30,1,103520,11.0,False
24625467,2014-05-31,1,103520,6.0,False
24680718,2014-06-01,1,103520,2.0,False
24736218,2014-06-02,1,103520,3.0,False
24788768,2014-06-03,1,103520,3.0,False
24840134,2014-06-04,1,103520,2.0,False
24891227,2014-06-05,1,103520,1.0,False
24940918,2014-06-06,1,103520,3.0,False
24991433,2014-06-07,1,103520,3.0,False
25046049,2014-06-08,1,103665,3.0,False
25100155,2014-06-09,1,103520,7.0,False
25151056,2014-06-10,1,103520,3.0,False
25200789,2014-06-11,1,103520,2.0,False
25250756,2014-06-12,1,103520,4.0,False
25299143,2014-06-13,1,103520,10.0,False
25349544,2014-06-14,1,103520,1.0,False
25405234,2014-06-15,1,103665,3.0,False
25456568,2014-06-16,1,103520,3.0,False
25508333,2014-06-17,1,103520,1.0,False
25558806,2014-06-18,1,103520,6.0,False
25609187,2014-06-19,1,103520,4.0,False
25658087,2014-06-20,1,103520,6.0,False
25707511,2014-06-21,1,103665,5.0,False
25762403,2014-06-22,1,105574,1.0,False
25816378,2014-06-23,1,103665,4.0,False
25867412,2014-06-24,1,103520,2.0,False
25917004,2014-06-25,1,103520,3.0,False
25966976,2014-06-26,1,103520,2.0,False
26015932,2014-06-27,1,103520,3.0,False
26066323,2014-06-28,1,103520,1.0,False
26120953,2014-06-29,1,103520,2.0,False
26175063,2014-06-30,1,103520,2.0,False
26227189,2014-07-01,1,103520,1.0,False
26296479,2014-07-02,1,103520,3.0,False
26365672,2014-07-03,1,103520,3.0,False
26432641,2014-07-04,1,103520,2.0,False
26499329,2014-07-05,1,103520,5.0,False
26570831,2014-07-06,1,103665,3.0,False
26641884,2014-07-07,1,103520,4.0,False
26709185,2014-07-08,1,103520,2.0,False
26774901,2014-07-09,1,103665,1.0,False
26840048,2014-07-10,1,103520,3.0,False
26904566,2014-07-11,1,103520,3.0,False
26968961,2014-07-12,1,105574,4.0,False
27039619,2014-07-13,1,105574,3.0,False
27108165,2014-07-14,1,103520,1.0,False
27174290,2014-07-15,1,103520,2.0,False
27241022,2014-07-16,1,103520,2.0,False
27307759,2014-07-17,1,103520,1.0,False
27372739,2014-07-18,1,103520,6.0,False
27438623,2014-07-19,1,96995,2.0,False
27509133,2014-07-20,1,103520,7.0,False
27578582,2014-07-21,1,103520,2.0,False
27645304,2014-07-22,1,96995,1.0,False
27710613,2014-07-23,1,103520,1.0,False
27775946,2014-07-24,1,103665,5.0,False
27841651,2014-07-25,1,103520,1.0,False
27909701,2014-07-26,1,96995,1.0,False
27981068,2014-07-27,1,103665,1.0,False
28051749,2014-07-28,1,96995,1.0,False
28119491,2014-07-29,1,96995,1.0,False
28186184,2014-07-30,1,96995,1.0,False
28253173,2014-07-31,1,103520,1.0,False
28320809,2014-08-01,1,96995,1.0,False
28376973,2014-08-02,1,96995,1.0,False
28435492,2014-08-03,1,96995,1.0,False
28492314,2014-08-04,1,103520,2.0,False
28546426,2014-08-05,1,103665,4.0,False
28599434,2014-08-06,1,103520,3.0,False
28651931,2014-08-07,1,103520,3.0,False
28703521,2014-08-08,1,103520,6.0,False
28755896,2014-08-09,1,105574,1.0,False
28811596,2014-08-10,1,103520,2.0,False
28866055,2014-08-11,1,103520,4.0,False
28918941,2014-08-12,1,103520,5.0,False
28970352,2014-08-13,1,103520,6.0,False
29022154,2014-08-14,1,103520,4.0,False
29073148,2014-08-15,1,103520,5.0,False
29125891,2014-08-16,1,103520,3.0,False
29182180,2014-08-17,1,103665,2.0,False
29237511,2014-08-18,1,103520,3.0,False
29290879,2014-08-19,1,103520,2.0,False
29343262,2014-08-20,1,99197,3.0,False
29396256,2014-08-21,1,103520,2.0,False
29447998,2014-08-22,1,99197,3.0,False
29500533,2014-08-23,1,99197,5.0,False
29556666,2014-08-24,1,103520,1.0,False
29611926,2014-08-25,1,99197,5.0,False
29664899,2014-08-26,1,99197,4.0,False
29716810,2014-08-27,1,99197,2.0,False
29768781,2014-08-28,1,103520,3.0,False
29819525,2014-08-29,1,99197,2.0,False
29872629,2014-08-30,1,99197,11.0,False
29930412,2014-08-31,1,99197,2.0,False
29987486,2014-09-01,1,99197,2.0,False
30059440,2014-09-02,1,99197,5.0,False
30130126,2014-09-03,1,99197,2.0,False
30200059,2014-09-04,1,99197,3.0,False
30267684,2014-09-05,1,99197,4.0,False
30335905,2014-09-06,1,103520,6.0,False
30409590,2014-09-07,1,99197,2.0,False
30482689,2014-09-08,1,99197,6.0,False
30551245,2014-09-09,1,99197,11.0,False
30618178,2014-09-10,1,103520,1.0,False
30685645,2014-09-11,1,103520,3.0,False
30751941,2014-09-12,1,99197,3.0,False
30820021,2014-09-13,1,99197,1.0,False
30893746,2014-09-14,1,99197,2.0,False
30966851,2014-09-15,1,99197,2.0,False
31036220,2014-09-16,1,99197,2.0,False
31105200,2014-09-17,1,103520,4.0,False
31173182,2014-09-18,1,99197,1.0,False
31239040,2014-09-19,1,99197,3.0,False
31306491,2014-09-20,1,99197,3.0,False
31379903,2014-09-21,1,99197,1.0,False
31452602,2014-09-22,1,99197,2.0,False
31520729,2014-09-23,1,99197,4.0,False
31588522,2014-09-24,1,103520,5.0,False
31656417,2014-09-25,1,103520,1.0,False
31721933,2014-09-26,1,103520,3.0,False
31788837,2014-09-27,1,103520,2.0,False
31862078,2014-09-28,1,103520,1.0,False
31935036,2014-09-29,1,103520,3.0,False
32003548,2014-09-30,1,103520,2.0,False
32073411,2014-10-01,1,103520,4.0,False
32145884,2014-10-02,1,103520,6.0,False
32216613,2014-10-03,1,103520,4.0,False
32287580,2014-10-04,1,103520,5.0,False
32362673,2014-10-05,1,103520,1.0,False
32436316,2014-10-06,1,103520,1.0,False
32505997,2014-10-07,1,103520,3.0,False
32574657,2014-10-08,1,103520,3.0,False
32643018,2014-10-09,1,103520,4.0,False
32710151,2014-10-10,1,103520,1.0,False
32781625,2014-10-11,1,103520,4.0,False
32854420,2014-10-12,1,105575,4.0,False
32926918,2014-10-13,1,103520,4.0,False
32995560,2014-10-14,1,103665,4.0,False
33063117,2014-10-15,1,103520,4.0,False
33131993,2014-10-16,1,103520,3.0,False
33199969,2014-10-17,1,103665,13.0,False
33268030,2014-10-18,1,103520,1.0,False
33342264,2014-10-19,1,105574,3.0,False
33416227,2014-10-20,1,103520,4.0,False
33485350,2014-10-21,1,103520,3.0,False
33553157,2014-10-22,1,103665,3.0,False
33620816,2014-10-23,1,103520,4.0,False
33687743,2014-10-24,1,103520,3.0,False
33755500,2014-10-25,1,103520,2.0,False
33829286,2014-10-26,1,103520,1.0,False
33902914,2014-10-27,1,103520,3.0,False
33971593,2014-10-28,1,103520,3.0,False
34038969,2014-10-29,1,103520,8.0,False
34106320,2014-10-30,1,103520,5.0,False
34172795,2014-10-31,1,103520,8.0,False
34242014,2014-11-01,1,103520,3.0,False
34318235,2014-11-02,1,105574,1.0,False
34389740,2014-11-03,1,103520,3.0,False
34464681,2014-11-04,1,103520,1.0,False
34536194,2014-11-05,1,103520,5.0,False
34607187,2014-11-06,1,103520,3.0,False
34675810,2014-11-07,1,103520,4.0,False
34745107,2014-11-08,1,103665,3.0,False
34819239,2014-11-09,1,105574,2.0,False
34893304,2014-11-10,1,103665,1.0,False
34962511,2014-11-11,1,103520,4.0,False
35030507,2014-11-12,1,103520,4.0,False
35098458,2014-11-13,1,103665,6.0,False
35164789,2014-11-14,1,103665,10.0,False
35233148,2014-11-15,1,103520,1.0,False
35307924,2014-11-16,1,103665,3.0,False
35383031,2014-11-17,1,105574,4.0,False
35452781,2014-11-18,1,103665,1.0,False
35521238,2014-11-19,1,103665,8.0,False
35589054,2014-11-20,1,103665,5.0,False
35656886,2014-11-21,1,103665,4.0,False
35725774,2014-11-22,1,103665,1.0,False
35799867,2014-11-23,1,103665,2.0,False
35874272,2014-11-24,1,103665,2.0,False
35943694,2014-11-25,1,103665,5.0,False
36011641,2014-11-26,1,103665,1.0,False
36079675,2014-11-27,1,103665,2.0,False
36146169,2014-11-28,1,105574,6.0,False
36215069,2014-11-29,1,103665,4.0,False
36291544,2014-11-30,1,103665,4.0,False
36368136,2014-12-01,1,103665,1.0,False
36442338,2014-12-02,1,103665,1.0,False
36515684,2014-12-03,1,105574,7.0,False
36587962,2014-12-04,1,103665,2.0,False
36658320,2014-12-05,1,103665,3.0,False
36729583,2014-12-06,1,103665,4.0,False
36805881,2014-12-07,1,103665,2.0,False
36882415,2014-12-08,1,103665,3.0,False
36954950,2014-12-09,1,103520,2.0,False
37026304,2014-12-10,1,103520,8.0,False
37097169,2014-12-11,1,103520,5.0,False
37167294,2014-12-12,1,103520,8.0,False
37238109,2014-12-13,1,103520,8.0,False
37315182,2014-12-14,1,103520,10.0,False
37392902,2014-12-15,1,103520,4.0,False
37467073,2014-12-16,1,103520,6.0,False
37540840,2014-12-17,1,103520,9.0,False
37614397,2014-12-18,1,103665,5.0,False
37687297,2014-12-19,1,103665,3.0,False
37760015,2014-12-20,1,103665,2.0,False
37837259,2014-12-21,1,103520,2.0,False
37915453,2014-12-22,1,103520,11.0,False
37992337,2014-12-23,1,103520,14.0,False
38069001,2014-12-24,1,103520,3.0,False
38069002,2014-12-25,1,103520,3.0,False
38144506,2014-12-26,1,105575,19.0,False
38220385,2014-12-27,1,103665,4.0,False
38295061,2014-12-28,1,105574,1.0,False
38368006,2014-12-29,1,103665,2.0,True
38442820,2014-12-30,1,103665,2.0,False
38519800,2014-12-31,1,103665,2.0,False
38594264,2015-01-01,25,103665,12.0,False
38595440,2015-01-02,1,103665,6.0,False
38656378,2015-01-03,1,103665,4.0,False
38717992,2015-01-04,1,103665,2.0,False
38779123,2015-01-05,1,103665,4.0,False
38838149,2015-01-06,1,103665,5.0,False
38895727,2015-01-07,1,103665,5.0,False
38953910,2015-01-08,1,103665,5.0,False
39010655,2015-01-09,1,103665,5.0,False
39067846,2015-01-10,1,103665,5.0,False
39128873,2015-01-11,1,103665,3.0,False
39190200,2015-01-12,1,103665,3.0,False
39247678,2015-01-13,1,103665,7.0,False
39303727,2015-01-14,1,103665,4.0,False
39360010,2015-01-15,1,103665,4.0,False
39415851,2015-01-16,1,103665,12.0,False
39473043,2015-01-17,1,103665,7.0,False
39535490,2015-01-18,1,103665,5.0,False
39596876,2015-01-19,1,105574,8.0,False
39654375,2015-01-20,1,103665,1.0,False
39711572,2015-01-21,1,103665,2.0,False
39768600,2015-01-22,1,103665,3.0,False
39824633,2015-01-23,1,103665,8.0,False
39882089,2015-01-24,1,103520,4.0,False
39944310,2015-01-25,1,103665,3.0,False
40005410,2015-01-26,1,103520,2.0,False
40062447,2015-01-27,1,103520,3.0,False
40118206,2015-01-28,1,103665,7.0,False
40174342,2015-01-29,1,103520,2.0,False
40229673,2015-01-30,1,103665,1.0,False
40287846,2015-01-31,1,103520,2.0,False
40351742,2015-02-01,1,105574,1.0,False
40415903,2015-02-02,1,103520,2.0,False
40476577,2015-02-03,1,103520,3.0,False
40535850,2015-02-04,1,103520,3.0,False
40594815,2015-02-05,1,103665,5.0,False
40652390,2015-02-06,1,103520,2.0,False
40710587,2015-02-07,1,103665,7.0,False
40773318,2015-02-08,1,103520,1.0,False
40835085,2015-02-09,1,103520,6.0,False
40894021,2015-02-10,1,103665,3.0,False
40951820,2015-02-11,1,103520,2.0,False
41009574,2015-02-12,1,103520,4.0,False
41066784,2015-02-13,1,103520,6.0,False
41127514,2015-02-14,1,103520,2.0,False
41191262,2015-02-15,1,103665,2.0,False
41250110,2015-02-16,1,103665,4.0,False
41307806,2015-02-17,1,105574,2.0,False
41367184,2015-02-18,1,105574,4.0,False
41428671,2015-02-19,1,103520,1.0,False
41488671,2015-02-20,1,103520,3.0,False
41549662,2015-02-21,1,103520,1.0,False
41613328,2015-02-22,1,103665,5.0,False
41677352,2015-02-23,1,103520,1.0,False
41736804,2015-02-24,1,103520,2.0,False
41795573,2015-02-25,1,103520,4.0,False
41854113,2015-02-26,1,103520,2.0,False
41911438,2015-02-27,1,103520,1.0,False
41971553,2015-02-28,1,103520,3.0,False
42036794,2015-03-01,1,103520,1.0,False
42102985,2015-03-02,1,103520,4.0,False
42165613,2015-03-03,1,103520,5.0,False
42227195,2015-03-04,1,103520,1.0,False
42288694,2015-03-05,1,103520,1.0,False
42348736,2015-03-06,1,103520,3.0,False
42409508,2015-03-07,1,103520,2.0,False
42474972,2015-03-08,1,103520,1.0,False
42538350,2015-03-09,1,103520,3.0,False
42599299,2015-03-10,1,103520,1.0,False
42659704,2015-03-11,1,103520,3.0,False
42719373,2015-03-12,1,103520,3.0,False
42777951,2015-03-13,1,103520,3.0,False
42838016,2015-03-14,1,103520,1.0,False
42903081,2015-03-15,1,103665,2.0,False
42966964,2015-03-16,1,103520,5.0,False
43027634,2015-03-17,1,103520,3.0,False
43087296,2015-03-18,1,103520,2.0,False
43146072,2015-03-19,1,103520,5.0,False
43204633,2015-03-20,1,103520,2.0,False
43266476,2015-03-21,1,103520,4.0,False
43332601,2015-03-22,1,103665,1.0,False
43397545,2015-03-23,1,103520,1.0,False
43459308,2015-03-24,1,103520,2.0,False
43519658,2015-03-25,1,103520,2.0,False
43579974,2015-03-26,1,103520,2.0,False
43638859,2015-03-27,1,103665,9.0,False
43699888,2015-03-28,1,103520,2.0,False
43765464,2015-03-29,1,105575,3.0,False
43830362,2015-03-30,1,103520,1.0,False
43890977,2015-03-31,1,103520,1.0,False
43952197,2015-04-01,1,103520,4.0,False
44016476,2015-04-02,1,103520,5.0,False
44079806,2015-04-03,1,105575,3.0,False
44142052,2015-04-04,1,103520,3.0,False
44207721,2015-04-05,1,103520,2.0,False
44271524,2015-04-06,1,103520,2.0,False
44333576,2015-04-07,1,103520,1.0,False
44394719,2015-04-08,1,99197,1.0,False
44455419,2015-04-09,1,99197,3.0,False
44514708,2015-04-10,1,99197,2.0,False
44575410,2015-04-11,1,99197,6.0,False
44640611,2015-04-12,1,103665,2.0,False
44704971,2015-04-13,1,103520,5.0,False
44765666,2015-04-14,1,99197,2.0,False
44825200,2015-04-15,1,99197,12.0,False
44886053,2015-04-16,1,99197,8.0,False
44946735,2015-04-17,1,103520,2.0,False
45007852,2015-04-18,1,99197,6.0,False
45073689,2015-04-19,1,99197,2.0,False
45138635,2015-04-20,1,99197,6.0,False
45200330,2015-04-21,1,99197,5.0,False
45261003,2015-04-22,1,99197,2.0,False
45321236,2015-04-23,1,99197,5.0,False
45380892,2015-04-24,1,99197,6.0,False
45441552,2015-04-25,1,99197,6.0,False
45506664,2015-04-26,1,99197,3.0,False
45571080,2015-04-27,1,99197,1.0,False
45631431,2015-04-28,1,99197,3.0,False
45690553,2015-04-29,1,99197,6.0,False
45750078,2015-04-30,1,103520,1.0,False
45811212,2015-05-01,1,105574,3.0,True
45878079,2015-05-02,1,103520,2.0,False
45945289,2015-05-03,1,105574,1.0,False
46011201,2015-05-04,1,99197,2.0,False
46076679,2015-05-05,1,105574,4.0,False
46141474,2015-05-06,1,99197,5.0,False
46206081,2015-05-07,1,103520,3.0,False
46268831,2015-05-08,1,99197,3.0,False
46332351,2015-05-09,1,99197,5.0,False
46401915,2015-05-10,1,99197,6.0,False
46467128,2015-05-11,1,103520,3.0,False
46534423,2015-05-12,1,103520,1.0,False
46599506,2015-05-13,1,103520,1.0,False
46663909,2015-05-14,1,103520,2.0,False
46727159,2015-05-15,1,103520,3.0,False
46792916,2015-05-16,1,103520,1.0,False
46864913,2015-05-17,1,103665,1.0,False
46936530,2015-05-18,1,103520,1.0,False
47002556,2015-05-19,1,103520,3.0,False
47067395,2015-05-20,1,103665,2.0,False
47132836,2015-05-21,1,103520,2.0,False
47196817,2015-05-22,1,103520,3.0,False
47261879,2015-05-23,1,103665,2.0,False
47333246,2015-05-24,1,103520,2.0,False
47404226,2015-05-25,1,105574,5.0,False
47472519,2015-05-26,1,103665,3.0,False
47539273,2015-05-27,1,103520,1.0,False
47606213,2015-05-28,1,103520,1.0,False
47671748,2015-05-29,1,103520,2.0,False
47742446,2015-05-30,1,103520,1.0,False
47820201,2015-05-31,1,103520,1.0,False
47898037,2015-06-01,1,103520,2.0,False
47978890,2015-06-02,1,103520,1.0,False
48058957,2015-06-03,1,99197,2.0,False
48137957,2015-06-04,1,103520,5.0,False
48215054,2015-06-05,1,103520,6.0,True
48292892,2015-06-06,1,103520,3.0,False
48376852,2015-06-07,1,103520,1.0,False
48460971,2015-06-08,1,103520,5.0,True
48539269,2015-06-09,1,103665,1.0,False
48616189,2015-06-10,1,103520,3.0,False
48692419,2015-06-11,1,103520,11.0,True
48766336,2015-06-12,1,103520,6.0,True
48842580,2015-06-13,1,103520,1.0,False
48926153,2015-06-14,1,103665,1.0,False
49009529,2015-06-15,1,103520,2.0,False
49087818,2015-06-16,1,103520,3.0,False
49166545,2015-06-17,1,103520,8.0,True
49244342,2015-06-18,1,103520,16.0,True
49320211,2015-06-19,1,103520,6.0,True
49397819,2015-06-20,1,103520,4.0,True
49482697,2015-06-21,1,103520,6.0,True
49563849,2015-06-22,1,103520,5.0,True
49643185,2015-06-23,1,103520,5.0,True
49721387,2015-06-24,1,103520,12.0,True
49798137,2015-06-25,1,103520,7.0,True
49873297,2015-06-26,1,103520,8.0,True
49949876,2015-06-27,1,103520,4.0,True
50033891,2015-06-28,1,103520,4.0,True
50117938,2015-06-29,1,103520,2.0,False
50196164,2015-06-30,1,103520,5.0,True
50275925,2015-07-01,1,103520,6.0,True
50360191,2015-07-02,1,103520,5.0,False
50441566,2015-07-03,1,103665,6.0,False
50523581,2015-07-04,1,103520,2.0,False
50611034,2015-07-05,1,103665,2.0,False
50696178,2015-07-06,1,103520,2.0,False
50777400,2015-07-07,2,103665,4.0,False
50854543,2015-07-08,1,103520,2.0,False
50934380,2015-07-09,1,103520,3.0,False
51012246,2015-07-10,1,103520,2.0,False
51091093,2015-07-11,1,103520,1.0,False
51174821,2015-07-12,1,103520,1.0,False
51258783,2015-07-13,1,103520,4.0,False
51338136,2015-07-14,1,103520,10.0,False
51416367,2015-07-15,1,103665,3.0,False
51495576,2015-07-16,1,103520,1.0,False
51574078,2015-07-17,1,103520,4.0,False
51653544,2015-07-18,1,103520,1.0,False
51738476,2015-07-19,1,103520,3.0,False
51822590,2015-07-20,1,103520,1.0,False
51903625,2015-07-21,1,105574,4.0,False
51982439,2015-07-22,1,103520,5.0,False
52060530,2015-07-23,1,103520,1.0,False
52137670,2015-07-24,1,103520,1.0,False
52217778,2015-07-25,1,103520,2.0,False
52303691,2015-07-26,1,103665,1.0,False
52389090,2015-07-27,1,103665,2.0,False
52469778,2015-07-28,1,103520,4.0,False
52549449,2015-07-29,1,103520,3.0,False
52628857,2015-07-30,1,103520,1.0,False
52707606,2015-07-31,1,103520,3.0,False
52790869,2015-08-01,1,103520,1.0,False
52881522,2015-08-02,1,103520,1.0,False
52969953,2015-08-03,1,103520,6.0,False
53054845,2015-08-04,1,103665,1.0,False
53138003,2015-08-05,1,103520,2.0,False
53220588,2015-08-06,1,103520,1.0,False
53300424,2015-08-07,1,103520,4.0,False
53381753,2015-08-08,1,103665,2.0,False
53467564,2015-08-09,1,105574,1.0,False
53549331,2015-08-10,1,105575,3.0,False
53633470,2015-08-11,1,103520,2.0,False
53714607,2015-08-12,1,103520,3.0,False
53795780,2015-08-13,1,103520,1.0,False
53874777,2015-08-14,1,103520,4.0,False
53956039,2015-08-15,1,103520,1.0,False
54043764,2015-08-16,1,103665,1.0,False
54129625,2015-08-17,1,103665,1.0,False
54212008,2015-08-18,1,105574,6.0,False
54292794,2015-08-19,1,103520,1.0,False
54373078,2015-08-20,1,103520,2.0,False
54452651,2015-08-21,1,103665,8.0,False
54535950,2015-08-22,1,103520,2.0,False
54624550,2015-08-23,1,103665,1.0,False
54712142,2015-08-24,1,103520,1.0,False
54796084,2015-08-25,1,103520,3.0,False
54878424,2015-08-26,1,103520,1.0,False
54960388,2015-08-27,1,105574,2.0,False
55040881,2015-08-28,1,103520,3.0,False
55123434,2015-08-29,1,103520,4.0,False
55213760,2015-08-30,1,103665,1.0,False
55303297,2015-08-31,1,103520,6.0,False
55389783,2015-09-01,1,103520,1.0,False
55480030,2015-09-02,1,103520,1.0,False
55569016,2015-09-03,1,103520,2.0,False
55654428,2015-09-04,1,103665,8.0,False
55740010,2015-09-05,1,103665,2.0,False
55832884,2015-09-06,1,103520,1.0,False
55924541,2015-09-07,1,103520,2.0,False
56010566,2015-09-08,1,103520,4.0,False
56094803,2015-09-09,1,103520,1.0,False
56178704,2015-09-10,1,103520,4.0,False
56260027,2015-09-11,1,103520,4.0,False
56342980,2015-09-12,1,103665,1.0,False
56433915,2015-09-13,1,103665,2.0,False
56523737,2015-09-14,1,103520,2.0,False
56607843,2015-09-15,1,103520,1.0,False
56692107,2015-09-16,1,103665,2.0,False
56777171,2015-09-17,1,103520,1.0,False
56859433,2015-09-18,1,103520,2.0,False
56943083,2015-09-19,1,103520,2.0,False
57034736,2015-09-20,1,103665,1.0,False
57125364,2015-09-21,1,103520,4.0,False
57210758,2015-09-22,1,103520,3.0,False
57294017,2015-09-23,1,103520,2.0,False
57377646,2015-09-24,1,103520,1.0,False
57458958,2015-09-25,1,103520,1.0,False
57542367,2015-09-26,1,103520,4.0,False
57633618,2015-09-27,1,103665,4.0,False
57724618,2015-09-28,1,105574,3.0,False
57808768,2015-09-29,1,103665,2.0,False
57891708,2015-09-30,1,103520,2.0,False
57977188,2015-10-01,1,103520,10.0,False
58070909,2015-10-02,1,103520,3.0,False
58164472,2015-10-03,1,99197,3.0,False
58264230,2015-10-04,1,99197,3.0,False
58362292,2015-10-05,1,103520,1.0,False
58454023,2015-10-06,1,99197,2.0,False
58543217,2015-10-07,1,99197,1.0,False
58632202,2015-10-08,1,99197,2.0,False
58718704,2015-10-09,1,103520,1.0,False
58813402,2015-10-10,1,103520,1.0,False
58909388,2015-10-11,1,103520,1.0,False
59005090,2015-10-12,1,99197,8.0,False
59095899,2015-10-13,1,99197,5.0,False
59182783,2015-10-14,1,103520,1.0,False
59271535,2015-10-15,1,103520,5.0,False
59359320,2015-10-16,1,103520,5.0,False
59450300,2015-10-17,1,103520,5.0,False
59548746,2015-10-18,1,99197,1.0,False
59646979,2015-10-19,1,99197,4.0,False
59737536,2015-10-20,1,99197,7.0,False
59827349,2015-10-21,1,99197,3.0,False
59915863,2015-10-22,1,103520,1.0,False
60001723,2015-10-23,1,99197,3.0,False
60090277,2015-10-24,1,99197,1.0,False
60186659,2015-10-25,1,103665,4.0,False
60284529,2015-10-26,1,99197,1.0,False
60373983,2015-10-27,1,103520,2.0,False
60460669,2015-10-28,1,99197,2.0,False
60547258,2015-10-29,1,103520,1.0,False
60631781,2015-10-30,1,103520,5.0,False
60721537,2015-10-31,1,99197,2.0,False
60820892,2015-11-01,1,105575,2.0,False
60916441,2015-11-02,1,103665,2.0,False
61009438,2015-11-03,1,103665,4.0,False
61107062,2015-11-04,1,99197,4.0,False
61201386,2015-11-05,1,99197,1.0,False
61291621,2015-11-06,1,99197,5.0,False
61381915,2015-11-07,1,99197,2.0,False
61479755,2015-11-08,1,105574,1.0,False
61578557,2015-11-09,1,103520,1.0,False
61668541,2015-11-10,1,103520,1.0,False
61757055,2015-11-11,1,103665,7.0,False
61845688,2015-11-12,1,99197,1.0,False
61930289,2015-11-13,1,99197,1.0,False
62018970,2015-11-14,1,99197,7.0,False
62116538,2015-11-15,1,103520,1.0,True
62215675,2015-11-16,1,99197,3.0,False
62307754,2015-11-17,1,103520,5.0,False
62396829,2015-11-18,1,103520,1.0,False
62486338,2015-11-19,1,99197,1.0,False
62573363,2015-11-20,1,103520,6.0,False
62663716,2015-11-21,1,99197,3.0,False
62761167,2015-11-22,1,103665,4.0,False
62859370,2015-11-23,1,99197,1.0,False
62950422,2015-11-24,1,103520,4.0,False
63039615,2015-11-25,1,99197,1.0,False
63128227,2015-11-26,1,99197,3.0,False
63213889,2015-11-27,1,99197,3.0,False
63301602,2015-11-28,1,103520,25.0,False
63398557,2015-11-29,1,99197,6.0,False
63497835,2015-11-30,1,99197,2.0,False
63590982,2015-12-01,1,99197,14.0,False
63688000,2015-12-02,1,105574,11.0,False
63783856,2015-12-03,1,99197,1.0,False
63875998,2015-12-04,1,99197,1.0,False
63968147,2015-12-05,1,103665,4.0,False
64068522,2015-12-06,1,103665,1.0,False
64169232,2015-12-07,1,103665,2.0,False
64263415,2015-12-08,1,105574,11.0,False
64355197,2015-12-09,1,103665,2.0,False
64446989,2015-12-10,1,103665,6.0,False
64535831,2015-12-11,1,103520,5.0,False
64626083,2015-12-12,1,103520,2.0,True
64724287,2015-12-13,1,103520,2.0,True
64823632,2015-12-14,1,103520,2.0,True
64916135,2015-12-15,1,103520,4.0,False
65008689,2015-12-16,1,103520,3.0,False
65102123,2015-12-17,1,103520,2.0,False
65193671,2015-12-18,1,103520,2.0,False
65285264,2015-12-19,1,103520,1.0,False
65386459,2015-12-20,1,103520,4.0,True
65488509,2015-12-21,1,103520,7.0,True
65586394,2015-12-22,1,103520,3.0,False
65684420,2015-12-23,1,103520,4.0,False
65783029,2015-12-24,1,103520,4.0,False
65783030,2015-12-25,1,103520,4.0,False
65880689,2015-12-26,1,103520,3.0,False
65979145,2015-12-27,1,103520,1.0,False
66074176,2015-12-28,1,103520,5.0,False
66167592,2015-12-29,1,103520,1.0,False
66263967,2015-12-30,1,103520,1.0,False
66362219,2015-12-31,1,105574,3.0,False
66458908,2016-01-01,25,105574,12.0,False
66460626,2016-01-02,1,103520,1.0,True
66561456,2016-01-03,1,105574,2.0,False
66661826,2016-01-04,1,103520,3.0,False
66758383,2016-01-05,1,103665,2.0,False
66852844,2016-01-06,1,103520,1.0,False
66946483,2016-01-07,1,103520,2.0,False
67036827,2016-01-08,1,103520,1.0,False
67128398,2016-01-09,1,103520,3.0,False
67228328,2016-01-10,1,105574,5.0,False
67327897,2016-01-11,1,103520,2.0,False
67419503,2016-01-12,1,103520,2.0,False
67509718,2016-01-13,1,103520,3.0,False
67599076,2016-01-14,1,103520,1.0,True
67686864,2016-01-15,1,103520,1.0,False
67778201,2016-01-16,1,103665,1.0,False
67878802,2016-01-17,1,103520,1.0,True
67978460,2016-01-18,1,103520,3.0,True
68070936,2016-01-19,1,103665,5.0,False
68160847,2016-01-20,1,103520,3.0,False
68253447,2016-01-21,1,103665,3.0,False
68341539,2016-01-22,1,103520,1.0,False
68432631,2016-01-23,1,103665,6.0,False
68532307,2016-01-24,1,103665,4.0,False
68630960,2016-01-25,1,103520,2.0,False
68721634,2016-01-26,1,103520,1.0,False
68811490,2016-01-27,1,103665,2.0,False
68901206,2016-01-28,1,103665,8.0,False
68988419,2016-01-29,1,103520,3.0,False
69080012,2016-01-30,1,103665,9.0,False
69181452,2016-01-31,1,103665,1.0,False
69282593,2016-02-01,1,103665,2.0,False
69381047,2016-02-02,1,103665,4.0,False
69476529,2016-02-03,1,103665,1.0,False
69571538,2016-02-04,1,103665,3.0,False
69663970,2016-02-05,1,103665,8.0,False
69758939,2016-02-06,1,103665,7.0,False
69859486,2016-02-07,1,105575,6.0,False
69951136,2016-02-08,1,105857,2.0,False
70039285,2016-02-09,1,105575,6.0,False
70131217,2016-02-10,1,103665,3.0,False
70226447,2016-02-11,1,105575,8.0,False
70318870,2016-02-12,1,103665,8.0,False
70411970,2016-02-13,1,103665,5.0,False
70510820,2016-02-14,1,103665,1.0,False
70608543,2016-02-15,1,103665,1.0,False
70702756,2016-02-16,1,103665,5.0,False
70796534,2016-02-17,1,103665,2.0,False
70888980,2016-02-18,1,105574,1.0,False
70977813,2016-02-19,1,103665,6.0,False
71069471,2016-02-20,1,103665,3.0,False
71168599,2016-02-21,1,103665,2.0,False
71266964,2016-02-22,1,103665,2.0,False
71359728,2016-02-23,1,105574,3.0,False
71451175,2016-02-24,1,103665,2.0,False
71542559,2016-02-25,1,103665,5.0,False
71631190,2016-02-26,1,103665,3.0,False
71721974,2016-02-27,1,103665,9.0,False
71822317,2016-02-28,1,103665,1.0,False
71921603,2016-02-29,1,103665,2.0,False
72015747,2016-03-01,1,103520,1.0,False
72115246,2016-03-02,1,103665,3.0,False
72213348,2016-03-03,1,103520,3.0,False
72307686,2016-03-04,1,103520,3.0,False
72403428,2016-03-05,1,103520,3.0,False
72506375,2016-03-06,1,103665,2.0,False
72607177,2016-03-07,1,103520,3.0,False
72702248,2016-03-08,1,103520,1.0,False
72794180,2016-03-09,1,103520,2.0,False
72886980,2016-03-10,1,103520,1.0,False
72976959,2016-03-11,1,103520,1.0,False
73069300,2016-03-12,1,103520,1.0,False
73170373,2016-03-13,1,103520,1.0,False
73269590,2016-03-14,1,103665,6.0,False
73362810,2016-03-15,1,103665,2.0,False
73456520,2016-03-16,1,103520,3.0,False
73550686,2016-03-17,1,103665,1.0,False
73641746,2016-03-18,1,103665,8.0,False
73734548,2016-03-19,1,103665,3.0,False
73835730,2016-03-20,1,103520,1.0,False
73934988,2016-03-21,1,103520,1.0,False
74029423,2016-03-22,1,103520,1.0,False
74120201,2016-03-23,1,103665,3.0,False
74212909,2016-03-24,1,103665,6.0,False
74305800,2016-03-25,1,103520,1.0,False
74397468,2016-03-26,1,103665,2.0,False
74496000,2016-03-27,1,105574,7.0,False
74592863,2016-03-28,1,103520,1.0,False
74685893,2016-03-29,1,103520,1.0,False
74777485,2016-03-30,1,105574,7.0,False
74869782,2016-03-31,1,103665,1.0,False
74962598,2016-04-01,1,103665,8.0,False
75063481,2016-04-02,1,105574,9.0,False
75170026,2016-04-03,1,103665,2.0,False
75274727,2016-04-04,1,103665,2.0,False
75371896,2016-04-05,1,103665,8.0,False
75467166,2016-04-06,1,105574,3.0,False
75561674,2016-04-07,1,103665,5.0,False
75652687,2016-04-08,1,103665,1.0,False
75746836,2016-04-09,1,103665,3.0,False
75848897,2016-04-10,1,103665,3.0,False
75949245,2016-04-11,1,105574,2.0,False
76042176,2016-04-12,1,105574,2.0,False
76135060,2016-04-13,1,103665,3.0,False
76227431,2016-04-14,1,103665,14.0,False
76316906,2016-04-15,1,103665,4.0,False
76410846,2016-04-16,1,103665,4.0,False
76511812,2016-04-17,1,105574,32.0,False
76612722,2016-04-18,1,103665,3.0,False
76711451,2016-04-19,1,103665,1.0,False
76808565,2016-04-20,1,103520,5.0,False
76905341,2016-04-21,1,103665,3.0,False
76998807,2016-04-22,1,103665,3.0,False
77092803,2016-04-23,1,103665,4.0,False
77194035,2016-04-24,1,103665,2.0,False
77293307,2016-04-25,1,105574,7.0,False
77384965,2016-04-26,1,103665,2.0,False
77475629,2016-04-27,1,103665,1.0,False
77566170,2016-04-28,1,103665,4.0,False
77654248,2016-04-29,1,103520,1.0,False
77747608,2016-04-30,1,103665,5.0,False
77852003,2016-05-01,1,103665,4.0,False
77957229,2016-05-02,1,103520,2.0,False
78054985,2016-05-03,1,103520,1.0,False
78151777,2016-05-04,1,103520,2.0,False
78247879,2016-05-05,1,103520,3.0,False
78340985,2016-05-06,1,103520,3.0,False
78436205,2016-05-07,1,103520,2.0,False
78540613,2016-05-08,1,105575,6.0,False
78638358,2016-05-09,1,103520,3.0,False
78734305,2016-05-10,1,103665,6.0,True
78827452,2016-05-11,1,103520,1.0,False
78921180,2016-05-12,1,103520,3.0,False
79011690,2016-05-13,1,103520,2.0,False
79104707,2016-05-14,1,103520,2.0,False
79207774,2016-05-15,1,105574,5.0,True
79311162,2016-05-16,1,105574,9.0,False
79406843,2016-05-17,1,99197,5.0,False
79500028,2016-05-18,1,99197,2.0,False
79590567,2016-05-19,1,99197,1.0,False
79681152,2016-05-20,1,99197,1.0,False
79775405,2016-05-21,1,99197,9.0,False
79877525,2016-05-22,1,105574,1.0,False
79979977,2016-05-23,1,103665,3.0,True
80074210,2016-05-24,1,103520,1.0,False
80164975,2016-05-25,1,103520,4.0,False
80255027,2016-05-26,1,103665,10.0,True
80344537,2016-05-27,1,103665,1.0,True
80442845,2016-05-28,1,103520,1.0,False
80541384,2016-05-29,1,103665,4.0,True
80640962,2016-05-30,1,103665,2.0,True
80735412,2016-05-31,1,103520,3.0,False
80835467,2016-06-01,1,99197,1.0,False
80931990,2016-06-02,1,99197,1.0,False
81025266,2016-06-03,1,103665,7.0,False
81119350,2016-06-04,1,103520,1.0,False
81221171,2016-06-05,1,99197,1.0,False
81323089,2016-06-06,1,99197,4.0,False
81416443,2016-06-07,1,103520,1.0,False
81507705,2016-06-08,1,99197,2.0,False
81599305,2016-06-09,1,103520,3.0,False
81686621,2016-06-10,1,99197,5.0,False
81776204,2016-06-11,1,99197,1.0,False
81874877,2016-06-12,1,99197,2.0,False
81974369,2016-06-13,1,99197,4.0,False
82065986,2016-06-14,1,103665,3.0,False
82156445,2016-06-15,1,103520,1.0,False
82248945,2016-06-16,1,99197,1.0,False
82340161,2016-06-17,1,99197,3.0,False
82432797,2016-06-18,1,99197,1.0,False
82534501,2016-06-19,1,99197,1.0,False
82632331,2016-06-20,1,103520,1.0,False
82726863,2016-06-21,1,99197,1.0,False
82819417,2016-06-22,1,99197,2.0,False
82911005,2016-06-23,1,103665,5.0,False
83000948,2016-06-24,1,103665,8.0,False
83092265,2016-06-25,1,103520,2.0,False
83192634,2016-06-26,1,105575,6.0,False
83293787,2016-06-27,1,103665,1.0,False
83386215,2016-06-28,1,103520,2.0,False
83476611,2016-06-29,1,103520,1.0,False
83567286,2016-06-30,1,103520,4.0,False
83657331,2016-07-01,1,103520,1.0,False
83757599,2016-07-02,1,103520,2.0,False
83864027,2016-07-03,1,103520,1.0,False
83969188,2016-07-04,1,103520,2.0,False
84067956,2016-07-05,1,103665,1.0,False
84163993,2016-07-06,1,103665,6.0,False
84260264,2016-07-07,1,103665,5.0,False
84352521,2016-07-08,1,103665,6.0,False
84447072,2016-07-09,1,103665,1.0,False
84549173,2016-07-10,1,105574,1.0,False
84651240,2016-07-11,1,105574,4.0,False
84746098,2016-07-12,1,103665,2.0,False
84838766,2016-07-13,1,103665,1.0,False
84931017,2016-07-14,1,103665,1.0,False
85020772,2016-07-15,1,103665,7.0,False
85115594,2016-07-16,1,103665,9.0,False
85219245,2016-07-17,1,103520,1.0,False
85321738,2016-07-18,1,103520,1.0,False
85418071,2016-07-19,1,103520,1.0,False
85511774,2016-07-20,1,103520,1.0,False
85606653,2016-07-21,1,103520,1.0,False
85698084,2016-07-22,1,105574,5.0,False
85791728,2016-07-23,1,103665,2.0,False
85893629,2016-07-24,1,103665,4.0,False
85994084,2016-07-25,1,103520,2.0,False
86090280,2016-07-26,1,103520,2.0,False
86183860,2016-07-27,1,103520,1.0,False
86276632,2016-07-28,1,103520,2.0,False
86366347,2016-07-29,1,105574,4.0,False
86461814,2016-07-30,1,103665,7.0,False
86567138,2016-07-31,1,103520,1.0,False
86672216,2016-08-01,1,103520,3.0,False
86774968,2016-08-02,1,103665,3.0,False
86874782,2016-08-03,1,103665,1.0,False
86973797,2016-08-04,1,105574,2.0,False
87068889,2016-08-05,1,103520,1.0,False
87165092,2016-08-06,1,103520,1.0,False
87267860,2016-08-07,1,105574,2.0,False
87370222,2016-08-08,1,103520,4.0,False
87467129,2016-08-09,1,103520,2.0,False
87561406,2016-08-10,1,103520,4.0,True
87655609,2016-08-11,1,103665,5.0,False
87748153,2016-08-12,1,103665,3.0,False
87845907,2016-08-13,1,105574,3.0,False
87944113,2016-08-14,1,105575,1.0,False
88042205,2016-08-15,1,103665,1.0,False
88138659,2016-08-16,1,105574,3.0,False
88234574,2016-08-17,1,103520,1.0,False
88329648,2016-08-18,1,103520,1.0,False
88421384,2016-08-19,1,103665,3.0,False
88515704,2016-08-20,1,103665,8.0,False
88616113,2016-08-21,1,103520,1.0,False
88717022,2016-08-22,1,103665,8.0,False
88811702,2016-08-23,1,103520,2.0,False
88905046,2016-08-24,1,105574,3.0,False
88997331,2016-08-25,1,103520,2.0,False
89086248,2016-08-26,1,103520,4.0,False
89177925,2016-08-27,1,103665,4.0,False
89276905,2016-08-28,1,103520,1.0,False
89375818,2016-08-29,1,103520,1.0,False
89469063,2016-08-30,1,105574,4.0,False
89561078,2016-08-31,1,105574,3.0,False
89656777,2016-09-01,1,103520,1.0,False
89754149,2016-09-02,1,103520,1.0,False
89853107,2016-09-03,1,103520,1.0,False
89958008,2016-09-04,1,105574,3.0,False
90062410,2016-09-05,1,103520,3.0,False
90159654,2016-09-06,1,103520,1.0,False
90255410,2016-09-07,1,103665,5.0,False
90348866,2016-09-08,1,103665,4.0,False
90440138,2016-09-09,1,103520,2.0,False
90532785,2016-09-10,1,103665,2.0,False
90634473,2016-09-11,1,103665,1.0,False
90736717,2016-09-12,1,103665,1.0,False
90830466,2016-09-13,1,103520,1.0,False
90921764,2016-09-14,1,103520,2.0,False
91012005,2016-09-15,1,103520,5.0,True
91102756,2016-09-16,1,103520,3.0,True
91196746,2016-09-17,1,103520,3.0,True
91298475,2016-09-18,1,105575,3.0,False
91401203,2016-09-19,1,103520,5.0,True
91494970,2016-09-20,1,103520,3.0,True
91587930,2016-09-21,1,103520,1.0,True
91679834,2016-09-22,1,103665,2.0,False
91769027,2016-09-23,1,103520,3.0,True
91861892,2016-09-24,1,103520,3.0,True
91963357,2016-09-25,1,103520,2.0,True
92065148,2016-09-26,1,103520,2.0,True
92158966,2016-09-27,1,103520,3.0,True
92249826,2016-09-28,1,103520,3.0,True
92341075,2016-09-29,1,103520,3.0,True
92429454,2016-09-30,1,103520,4.0,True
92525273,2016-10-01,1,103520,2.0,True
92633892,2016-10-02,1,103520,1.0,True
92741048,2016-10-03,1,103520,3.0,True
92840518,2016-10-04,1,103520,3.0,True
92937496,2016-10-05,1,103520,2.0,True
93033203,2016-10-06,1,103665,4.0,False
93125358,2016-10-07,1,103665,11.0,False
93220232,2016-10-08,1,103520,5.0,False
93323359,2016-10-09,1,103520,1.0,False
93428096,2016-10-10,1,103665,4.0,False
93524722,2016-10-11,1,103665,4.0,False
93617666,2016-10-12,1,103520,1.0,False
93710520,2016-10-13,1,103665,5.0,False
93800357,2016-10-14,1,103520,2.0,False
93894372,2016-10-15,1,103520,4.0,False
93998014,2016-10-16,1,103665,4.0,False
94104222,2016-10-17,1,103520,1.0,False
94200182,2016-10-18,1,103520,2.0,False
94293036,2016-10-19,1,103520,1.0,False
94385301,2016-10-20,1,103520,2.0,False
94477626,2016-10-21,1,103520,4.0,False
94571690,2016-10-22,1,105574,6.0,False
94673393,2016-10-23,1,105574,2.0,False
94778144,2016-10-24,1,103665,1.0,False
94872849,2016-10-25,1,103665,3.0,False
94965914,2016-10-26,1,103520,1.0,False
95057485,2016-10-27,1,103665,4.0,False
95148713,2016-10-28,1,103520,3.0,False
95241709,2016-10-29,1,103520,1.0,False
95345212,2016-10-30,1,103665,1.0,False
95449737,2016-10-31,1,103520,2.0,False
95545173,2016-11-01,1,103520,3.0,False
95646701,2016-11-02,1,105575,5.0,False
95751498,2016-11-03,1,103520,1.0,False
95851394,2016-11-04,1,103520,5.0,False
95952374,2016-11-05,1,103520,1.0,False
96054510,2016-11-06,1,105575,2.0,False
96160536,2016-11-07,1,103520,3.0,False
96260796,2016-11-08,1,103520,3.0,False
96359194,2016-11-09,1,103665,2.0,False
96456189,2016-11-10,1,105574,1.0,False
96547306,2016-11-11,1,103520,1.0,False
96641418,2016-11-12,1,103520,3.0,False
96744504,2016-11-13,1,103665,1.0,False
96851649,2016-11-14,1,103520,2.0,False
96946456,2016-11-15,1,103520,1.0,False
97039967,2016-11-16,1,103520,2.0,False
97136393,2016-11-17,1,103665,3.0,False
97227809,2016-11-18,1,103520,1.0,False
97322660,2016-11-19,1,103520,1.0,False
97427455,2016-11-20,1,103665,2.0,False
97534367,2016-11-21,1,103520,1.0,False
97633210,2016-11-22,1,103520,2.0,False
97728938,2016-11-23,1,103520,4.0,False
97825065,2016-11-24,1,103665,2.0,False
97916491,2016-11-25,1,99197,2.0,False
98011419,2016-11-26,1,103520,1.0,False
98115536,2016-11-27,1,99197,2.0,False
98221152,2016-11-28,1,99197,2.0,False
98318239,2016-11-29,1,99197,1.0,False
98412547,2016-11-30,1,103520,2.0,False
98510280,2016-12-01,1,103520,2.0,False
98612765,2016-12-02,1,99197,2.0,False
98714684,2016-12-03,1,103520,1.0,False
98827385,2016-12-04,1,99197,1.0,False
98941106,2016-12-05,1,103520,2.0,False
99044857,2016-12-06,1,105574,2.0,False
99148926,2016-12-07,1,103520,4.0,False
99250348,2016-12-08,1,103520,2.0,False
99348127,2016-12-09,1,103520,2.0,False
99448232,2016-12-10,1,103665,1.0,False
99555971,2016-12-11,1,105575,5.0,False
99667184,2016-12-12,1,105574,3.0,True
99768635,2016-12-13,1,103520,4.0,False
99868059,2016-12-14,1,103520,100.0,False
99967803,2016-12-15,1,103520,3.0,False
100066857,2016-12-16,1,103520,1.0,False
100168145,2016-12-17,1,103520,2.0,False
100278537,2016-12-18,1,103520,1.0,False
100392789,2016-12-19,1,99197,1.0,False
100499426,2016-12-20,1,99197,3.0,False
100606373,2016-12-21,1,99197,1.0,False
100714138,2016-12-22,1,99197,3.0,False
100820676,2016-12-23,1,99197,2.0,False
100931124,2016-12-24,1,99197,2.0,False
100931125,2016-12-25,1,99197,2.0,False
101042413,2016-12-26,1,99197,1.0,False
101150765,2016-12-27,1,103520,1.0,False
101254893,2016-12-28,1,103520,1.0,False
101361729,2016-12-29,1,103520,4.0,False
101467680,2016-12-30,1,103520,2.0,False
101578481,2016-12-31,1,103520,2.0,False
101688779,2017-01-01,25,99197,1.0,False
101690472,2017-01-02,1,103520,1.0,False
101804697,2017-01-03,1,99197,3.0,False
101914704,2017-01-04,1,99197,1.0,False
102021351,2017-01-05,1,99197,1.0,False
102123566,2017-01-06,1,99197,1.0,False
102226218,2017-01-07,1,99197,2.0,False
102337705,2017-01-08,1,103665,2.0,False
102448958,2017-01-09,1,103520,1.0,False
102551035,2017-01-10,1,99197,1.0,False
102651481,2017-01-11,1,103665,1.0,False
102751698,2017-01-12,1,103665,1.0,False
102848334,2017-01-13,1,103520,1.0,False
102948880,2017-01-14,1,99197,2.0,False
103059289,2017-01-15,1,99197,1.0,False
103171074,2017-01-16,1,103520,2.0,False
103274877,2017-01-17,1,103665,1.0,False
103375659,2017-01-18,1,103520,2.0,False
103476294,2017-01-19,1,99197,2.0,False
103572581,2017-01-20,1,103520,3.0,False
103671603,2017-01-21,1,99197,3.0,False
103783358,2017-01-22,1,99197,1.0,False
103894465,2017-01-23,1,103665,3.0,False
103997961,2017-01-24,1,103520,1.0,False
104098520,2017-01-25,1,103520,2.0,False
104198437,2017-01-26,1,103520,1.0,False
104294115,2017-01-27,1,103520,2.0,False
104394788,2017-01-28,1,99197,1.0,False
104506174,2017-01-29,1,99197,1.0,False
104617742,2017-01-30,1,105574,8.0,False
104718630,2017-01-31,1,103520,1.0,False
104823549,2017-02-01,1,103520,2.0,False
104932602,2017-02-02,1,99197,2.0,False
105037362,2017-02-03,1,103665,3.0,False
105143123,2017-02-04,1,103520,2.0,False
105258207,2017-02-05,1,103520,2.0,False
105371001,2017-02-06,1,103520,1.0,False
105475215,2017-02-07,1,103665,6.0,False
105577743,2017-02-08,1,103520,2.0,False
105679598,2017-02-09,1,103520,1.0,False
105777466,2017-02-10,1,103665,6.0,False
105878716,2017-02-11,1,103520,1.0,False
105989161,2017-02-12,1,105574,2.0,False
106100474,2017-02-13,1,103520,3.0,False
106204693,2017-02-14,1,103520,5.0,False
106303617,2017-02-15,1,103665,2.0,False
106405569,2017-02-16,1,103665,1.0,False
106504829,2017-02-17,1,103520,1.0,False
106606639,2017-02-18,1,103665,6.0,False
106718196,2017-02-19,1,103665,2.0,False
106823490,2017-02-20,1,103665,6.0,False
106925938,2017-02-21,1,103520,1.0,False
107027593,2017-02-22,1,103520,1.0,False
107128494,2017-02-23,1,103665,2.0,False
107229449,2017-02-24,1,103520,3.0,False
107334173,2017-02-25,1,103665,3.0,False
107447241,2017-02-26,1,105574,1.0,False
107550235,2017-02-27,1,103665,2.0,False
107650822,2017-02-28,1,103665,2.0,False
107758056,2017-03-01,1,105574,10.0,False
107868146,2017-03-02,1,103665,2.0,False
107974693,2017-03-03,1,103520,1.0,False
108080921,2017-03-04,1,103665,2.0,False
108194691,2017-03-05,1,105574,3.0,False
108307223,2017-03-06,1,105574,13.0,False
108409824,2017-03-07,1,103520,1.0,False
108512182,2017-03-08,1,103520,5.0,False
108613730,2017-03-09,1,103520,3.0,False
108712924,2017-03-10,1,103520,1.0,False
108814696,2017-03-11,1,103520,1.0,False
108925069,2017-03-12,1,105574,1.0,False
109036488,2017-03-13,1,103520,1.0,False
109138354,2017-03-14,1,105574,6.0,False
109238300,2017-03-15,1,103520,1.0,False
109342189,2017-03-16,1,103520,1.0,False
109443143,2017-03-17,1,103520,4.0,False
109546364,2017-03-18,1,103520,4.0,False
109657997,2017-03-19,1,103665,1.0,False
109769551,2017-03-20,1,103520,10.0,False
109874052,2017-03-21,1,103665,3.0,False
109976077,2017-03-22,1,103520,1.0,False
110077001,2017-03-23,1,103520,9.0,False
110174883,2017-03-24,1,103665,6.0,False
110276493,2017-03-25,1,103665,2.0,False
110387795,2017-03-26,1,103665,4.0,False
110497813,2017-03-27,1,103520,13.0,False
110599887,2017-03-28,1,103520,3.0,False
110699360,2017-03-29,1,103520,1.0,False
110802253,2017-03-30,1,103520,12.0,False
110901479,2017-03-31,1,103520,1.0,False
111007526,2017-04-01,1,103520,1.0,False
111125648,2017-04-02,1,103665,3.0,False
111236335,2017-04-03,1,103520,1.0,False
111340001,2017-04-04,1,103520,2.0,False
111444974,2017-04-05,1,103520,2.0,False
111549225,2017-04-06,1,103665,1.0,False
111649701,2017-04-07,1,96995,2.0,False
111751449,2017-04-08,1,103665,5.0,False
111861830,2017-04-09,1,103520,1.0,False
111972043,2017-04-10,1,105574,13.0,True
112073650,2017-04-11,1,103520,2.0,False
112174310,2017-04-12,1,103520,5.0,False
112274742,2017-04-13,1,103520,3.0,False
112377184,2017-04-14,1,105575,4.0,False
112479027,2017-04-15,1,103665,3.0,False
112587537,2017-04-16,1,103520,1.0,False
112696044,2017-04-17,1,96995,1.0,False
112799442,2017-04-18,1,103520,3.0,False
112900461,2017-04-19,1,103520,1.0,False
112999772,2017-04-20,1,103520,3.0,False
113101376,2017-04-21,1,96995,2.0,False
113206073,2017-04-22,1,96995,3.0,False
113318054,2017-04-23,1,103665,1.0,False
113432063,2017-04-24,1,103520,4.0,False
113536099,2017-04-25,1,103665,1.0,False
113638799,2017-04-26,1,96995,1.0,False
113742199,2017-04-27,1,103520,2.0,False
113841982,2017-04-28,1,96995,1.0,False
113946973,2017-04-29,1,103520,3.0,False
114062835,2017-04-30,1,105574,2.0,False
114176250,2017-05-01,1,103520,1.0,False
114293366,2017-05-02,1,103520,5.0,False
114401704,2017-05-03,1,103520,9.0,False
114509138,2017-05-04,1,103520,4.0,False
114611745,2017-05-05,1,103520,1.0,False
114714491,2017-05-06,1,103665,5.0,False
114828495,2017-05-07,1,103520,1.0,False
114944159,2017-05-08,1,96995,1.0,False
115047931,2017-05-09,1,96995,1.0,False
115150078,2017-05-10,1,99197,1.0,False
115252001,2017-05-11,1,99197,1.0,False
115351331,2017-05-12,1,96995,1.0,False
115452879,2017-05-13,1,103520,2.0,False
115567486,2017-05-14,1,103665,1.0,False
115675948,2017-05-15,1,99197,2.0,False
115781739,2017-05-16,1,99197,2.0,False
115887806,2017-05-17,1,99197,2.0,False
115992472,2017-05-18,1,99197,1.0,False
116091093,2017-05-19,1,99197,2.0,False
116193607,2017-05-20,1,103520,2.0,False
116307101,2017-05-21,1,105575,2.0,False
116422245,2017-05-22,1,103520,1.0,False
116526683,2017-05-23,1,103520,2.0,False
116629652,2017-05-24,1,99197,2.0,False
116731328,2017-05-25,1,96995,1.0,False
116829647,2017-05-26,1,103520,1.0,False
116940491,2017-05-27,1,96995,1.0,False
117051600,2017-05-28,1,96995,1.0,False
117163891,2017-05-29,1,99197,1.0,False
117267987,2017-05-30,1,105574,2.0,False
117371370,2017-05-31,1,96995,1.0,False
117477877,2017-06-01,1,99197,3.0,False
117583944,2017-06-02,1,99197,2.0,False
117691708,2017-06-03,1,99197,6.0,False
117807704,2017-06-04,1,99197,2.0,False
117924778,2017-06-05,1,99197,2.0,False
118031124,2017-06-06,1,103520,4.0,False
118134789,2017-06-07,1,103520,1.0,False
118237927,2017-06-08,1,99197,1.0,False
118336958,2017-06-09,1,96995,1.0,False
118439112,2017-06-10,1,99197,4.0,False
118549955,2017-06-11,1,103665,2.0,False
118663945,2017-06-12,1,99197,2.0,False
118766609,2017-06-13,1,99197,1.0,False
118867503,2017-06-14,1,96995,1.0,False
118968557,2017-06-15,1,99197,2.0,False
119069209,2017-06-16,1,103520,1.0,False
119173720,2017-06-17,1,99197,1.0,False
119287868,2017-06-18,1,103665,1.0,False
119397757,2017-06-19,1,99197,2.0,False
119501915,2017-06-20,1,99197,13.0,False
119605580,2017-06-21,1,99197,1.0,False
119707616,2017-06-22,1,103520,3.0,False
119805825,2017-06-23,1,103520,3.0,False
119908541,2017-06-24,1,103520,1.0,False
120020245,2017-06-25,1,96995,1.0,False
120132628,2017-06-26,1,105574,9.0,False
120236010,2017-06-27,1,99197,3.0,False
120336876,2017-06-28,1,99197,3.0,False
120438173,2017-06-29,1,96995,1.0,False
120537799,2017-06-30,1,103520,2.0,False
120642911,2017-07-01,1,99197,2.0,False
120761105,2017-07-02,1,103665,1.0,False
120878391,2017-07-03,1,103520,1.0,False
120987631,2017-07-04,1,105574,8.0,False
121094288,2017-07-05,1,103520,1.0,False
121199681,2017-07-06,1,99197,3.0,False
121301755,2017-07-07,1,99197,1.0,False
121405790,2017-07-08,1,103520,1.0,False
121517841,2017-07-09,1,99197,1.0,False
121630430,2017-07-10,1,103665,3.0,False
121734774,2017-07-11,1,99197,1.0,False
121836326,2017-07-12,1,99197,2.0,False
121937894,2017-07-13,1,103520,3.0,False
122035619,2017-07-14,1,99197,3.0,False
122137474,2017-07-15,1,99197,2.0,False
122248576,2017-07-16,1,105574,2.0,False
122360517,2017-07-17,1,99197,1.0,False
122465027,2017-07-18,1,99197,3.0,False
122566434,2017-07-19,1,99197,2.0,False
122667528,2017-07-20,1,99197,1.0,False
122767612,2017-07-21,1,96995,3.0,False
122869722,2017-07-22,1,96995,2.0,False
122979512,2017-07-23,1,103520,1.0,False
123089799,2017-07-24,1,103520,3.0,False
123194976,2017-07-25,1,103520,2.0,False
123296175,2017-07-26,1,103520,1.0,False
123396374,2017-07-27,1,103520,2.0,False
123493810,2017-07-28,1,99197,1.0,False
123596882,2017-07-29,1,103520,3.0,False
123708203,2017-07-30,1,103665,2.0,False
123819696,2017-07-31,1,96995,2.0,False
123926072,2017-08-01,1,103520,3.0,False
124035459,2017-08-02,1,96995,1.0,False
124142866,2017-08-03,1,96995,2.0,False
124245105,2017-08-04,1,103520,3.0,False
124349284,2017-08-05,1,99197,1.0,False
124460168,2017-08-06,1,96995,2.0,False
124571010,2017-08-07,1,96995,2.0,False
124674884,2017-08-08,1,103520,3.0,False
124776039,2017-08-09,1,99197,2.0,False
124877031,2017-08-10,1,96995,1.0,False
124975583,2017-08-11,1,103520,1.0,False
125080182,2017-08-12,1,103520,1.0,False
125185374,2017-08-13,1,103520,1.0,False
125291478,2017-08-14,1,103665,1.0,False
125394228,2017-08-15,1,103665,1.0,False
