n_estimators,train-mlogloss-mean,train-mlogloss-std,test-mlogloss-mean,test-mlogloss-std
0,1.9957626000000002,0.0029789782543684046,1.9980528,0.0018152842642407024
1,1.8426562,0.0049179795607545785,1.8468382,0.004554010865160498
2,1.7205518000000002,0.007845913774698239,1.726695,0.007095067244219751
3,1.6162983999999998,0.0072081752087473205,1.624014,0.004419608670459383
4,1.5269777999999998,0.009806501484219582,1.5365878,0.006931721038818555
5,1.449937,0.009186898715018082,1.4612602000000001,0.006853536179228967
6,1.3819962000000001,0.00686689671977084,1.3946944,0.004034265365590109
7,1.320331,0.008809861474506804,1.3344812,0.004548716012239009
8,1.265033,0.006819775773440036,1.280398,0.003521773360112808
9,1.2153912000000002,0.00776251259322657,1.2318669999999998,0.005037493344908713
10,1.1703879999999998,0.008468866512113652,1.1879014,0.006472751767216132
11,1.1303122,0.00731575028004649,1.1491498,0.005071506024841129
12,1.0925146,0.006677821608878179,1.1124692,0.004052262104059899
13,1.0572568,0.005524911344085024,1.0781832,0.0028337374896062863
14,1.02528,0.00609746652307329,1.0472536000000001,0.0020577644763189124
15,0.9957278,0.0068022855982382835,1.0186954,0.0020463292599188824
16,0.9680738,0.006762317070353939,0.9919758,0.0027817704003026585
17,0.9433244000000001,0.007539943145674233,0.9680972000000001,0.002553824300925946
18,0.9199724,0.00704932892125201,0.9455444,0.001459921723929069
19,0.8976578,0.005753753640885222,0.9240856,0.0020984981867993068
20,0.8776212000000001,0.005319419043467059,0.9048526000000001,0.0029903818217746334
21,0.8577995999999999,0.004839699560923212,0.8859004,0.003634932439537217
22,0.8402036,0.004630878862591822,0.8690680000000001,0.0041939793990910515
23,0.8231096000000001,0.004335128906964571,0.8525838,0.00437009310655962
24,0.8073314,0.0040167142094005015,0.837646,0.004581429252973333
25,0.7931670000000001,0.0041598600457226995,0.8243304,0.004293132963233255
26,0.7795332,0.004349154005091097,0.8115024,0.004699096406757358
27,0.7662312,0.00433276749433893,0.7989843999999999,0.004319543846287453
28,0.753997,0.003763099095160795,0.7875154,0.004815359284622472
29,0.742314,0.0033420623572877864,0.7765028,0.005163418960340148
30,0.7313639999999999,0.0033738593331672836,0.7662934000000001,0.00518612802001649
31,0.7212428,0.00330615809664331,0.7568316,0.005323877444119079
32,0.711116,0.002990752079327202,0.7473618,0.0056605726000114225
33,0.7018677999999999,0.003043357908626601,0.7387622,0.005480317888590026
34,0.6928392000000001,0.00280700961166861,0.730407,0.0056403180052191975
35,0.684413,0.0030570057899847107,0.7225844,0.005536792486629786
36,0.6765236,0.0029863921108923214,0.7153782,0.0057633769059467505
37,0.668521,0.0027516150893611402,0.7080337999999999,0.005909215020626687
38,0.6610885999999999,0.0027299115443545113,0.7012702,0.005621600925003478
39,0.6545042000000001,0.002976641490001758,0.6954185999999999,0.005311603170418512
40,0.64767,0.002838573444531605,0.689197,0.005250176949398965
41,0.6414092000000001,0.0028626797515614658,0.683546,0.005233971035456754
42,0.6354366,0.0027041223788874676,0.6781822,0.005263226972115107
43,0.6298916,0.0025730192070795113,0.6733268000000001,0.005506166957149049
44,0.6243984,0.0025592565795558406,0.6683996,0.005560707782288179
45,0.6190496,0.0024814761413319945,0.6636352000000001,0.005527177775320784
46,0.6140608,0.0025146760745670587,0.6592018000000001,0.005542877931183418
47,0.6090108,0.0026407663584649054,0.6547653999999999,0.005638122474725095
48,0.604185,0.0025144797473831237,0.6505639999999999,0.0057107281847414496
49,0.5997502,0.002560615426025551,0.6466686,0.005679162142429118
50,0.595143,0.00240359189547645,0.6426184,0.005767972732251775
51,0.5909624000000001,0.0024874899477183797,0.6389684,0.00578929103086035
52,0.5866496,0.0025294464690916113,0.6353454000000001,0.00579496138382304
53,0.58253,0.00238925193313723,0.6317328,0.005972877778759586
54,0.5786617999999999,0.002198157719546063,0.6284452,0.005971105003263626
55,0.5750202000000001,0.0021863142866477394,0.6253437999999999,0.0059254918243129735
56,0.5714391999999999,0.0021972900946393087,0.62225,0.005912681726594146
57,0.5680766,0.0021989066919721797,0.6194226,0.005891453627077099
58,0.5647406,0.0022211858634522273,0.6166632,0.00582803031563838
59,0.5615614000000001,0.0022202350866518655,0.6139302000000001,0.005862222561452263
60,0.5584974,0.002204534926010447,0.6114078000000001,0.005883077473567728
61,0.5555558,0.0020548598395024407,0.6089816,0.0060253243099438235
62,0.5527046,0.0020997447082919626,0.6066198,0.005982712341405029
63,0.5499970000000001,0.002166641917807384,0.604365,0.0058688507904018266
64,0.5473968,0.0021951936042180773,0.6022176,0.0058006297796015
65,0.5445542,0.002148305695193296,0.5998876,0.005879377776601863
66,0.5419294,0.0022479071689017974,0.5977792,0.005890289683878039
67,0.5393098000000001,0.002291793481097265,0.5956424,0.00585982732168791
68,0.5368658,0.0023841918882506205,0.5937348,0.005885987917079014
69,0.534348,0.002463594365962062,0.5917235999999999,0.005805496554128707
70,0.5319662000000001,0.002388357879380708,0.5898486000000001,0.005823875465701495
71,0.5295365999999999,0.0022974452420024935,0.5879376,0.005894308461558488
72,0.5271627999999999,0.0024545247523706,0.5860559999999999,0.005754336347486134
73,0.5249316,0.002465699624852968,0.5843104,0.005674480684608957
74,0.5228246,0.0023652941127902042,0.5827128,0.005690815140206198
75,0.5206094,0.002416643672534263,0.5809308000000001,0.0055146477457766975
76,0.5186642,0.0023192010175920406,0.5794106000000001,0.005584486963007422
77,0.5165941999999999,0.0023440292148350097,0.5778506,0.005600996004283523
78,0.5147198,0.002289422844299395,0.5763404,0.00560058113413243
79,0.5128586,0.0021927799342387425,0.5748814,0.005623690695619762
80,0.5109052000000001,0.00233670823167975,0.5734032000000001,0.005541671747767071
81,0.5090564,0.002339354577655986,0.5720805999999999,0.005512824778641144
82,0.5072672,0.0023807767976019916,0.5707464,0.0054417927413674995
83,0.5053032000000001,0.002273768273153631,0.569229,0.005574226941917608
84,0.5036262,0.002229614262602396,0.5679337999999999,0.005633148973709115
85,0.5019422,0.0021969425481791582,0.5667234,0.005652575717316861
86,0.5003602,0.0021494390337946276,0.5656108,0.0057203383955846425
87,0.4988578,0.002175671795101468,0.5644972,0.00570022864102837
88,0.497075,0.002088981665788387,0.5632389999999999,0.0058401900996457225
89,0.495371,0.0020989478316527934,0.5620138,0.005868780738790636
90,0.49370820000000004,0.0021288963713624056,0.5608552,0.005890137091783175
91,0.4921514,0.00224626744623163,0.5597498000000001,0.0057512709690989245
92,0.49058820000000003,0.002214737492345301,0.558575,0.005742787894394172
93,0.4890422,0.0021933653959155886,0.5574764,0.005720693999857016
94,0.4875358,0.0020925905858528676,0.5564016,0.005773344250951938
95,0.48598559999999996,0.0020604273925571874,0.5553618,0.005849174519536938
96,0.4845076,0.0020259648170686396,0.5543654,0.005922667594927104
97,0.48318720000000004,0.002012265926760185,0.553463,0.005921083650819339
98,0.4817576,0.0020146587403329624,0.5525284,0.005983386084818552
99,0.4804178,0.0020153590647822546,0.5516242,0.005992590471574064
100,0.47913760000000005,0.0020702279681233024,0.5507238,0.0059857773229547925
101,0.47787579999999996,0.002149447873292121,0.5498856000000001,0.00598629109215383
102,0.4766602,0.0021342293597455806,0.5490216,0.0059867662256012635
103,0.47536500000000004,0.0021853720964631986,0.5481546,0.005983546192685401
104,0.4739892,0.0020634215662341023,0.5472661999999999,0.006076236216606434
105,0.47262339999999997,0.002061166038920698,0.5463848,0.006189599256817824
106,0.4713588000000001,0.0020898599378905754,0.5454662,0.00619887103914899
107,0.4700024,0.0021047219863915565,0.5446392000000001,0.006221954271770223
108,0.4687792,0.0021780250136304727,0.543838,0.006164248048221299
109,0.46751440000000005,0.0021694153682501587,0.5430698,0.006130065037175381
110,0.46630839999999996,0.002089651703035704,0.5422958,0.006136278787669272
111,0.4651148,0.002058792403327734,0.5415716,0.006172751917904988
112,0.4639474,0.002170828652842044,0.5408056,0.00608845545602496
113,0.4627574,0.002024090274666633,0.5400284,0.006151422814276369
114,0.46160680000000004,0.0019703103714897295,0.5393292,0.006144364129834745
115,0.4604772,0.0019905787500121607,0.5386924000000001,0.006046187612041134
116,0.459225,0.002092576784732161,0.5379318,0.006043364043312291
117,0.458115,0.002155575932320647,0.5372144000000001,0.006018366243425189
118,0.456968,0.002086412710850859,0.536481,0.0060356027370926085
119,0.45578339999999995,0.0021768028482157006,0.5357144,0.005994159944479266
120,0.4546338,0.0020754455328916704,0.5349838,0.0060305837661042225
121,0.4535158,0.002202718629330572,0.5343038,0.006009669621534947
122,0.45243140000000004,0.0021559535802052887,0.5336736,0.0060254969122886535
123,0.4513834,0.00214013883661784,0.5330663999999999,0.0060614329856891165
124,0.45030420000000004,0.002214847841274895,0.5323674,0.005984158874896269
125,0.4492736,0.0022653540650414902,0.5317572,0.006009611281938287
126,0.44810160000000004,0.0022465688148819198,0.5311096,0.00601133504639361
127,0.44702260000000005,0.0022961855848341126,0.530534,0.005955290353962608
128,0.4460236,0.002296216505471552,0.5299318,0.0059606773239289125
129,0.4449718,0.002269667059284246,0.5293276,0.005974866411895767
130,0.44396640000000004,0.0022910543075187013,0.528716,0.005907793936826156
131,0.4428932,0.0022568436720340227,0.5281164,0.005914219393969058
132,0.4418458,0.00225324684843894,0.5275246000000001,0.005868708430310726
133,0.4408844,0.0023361906257837787,0.5269818,0.005785017870326783
134,0.44007520000000006,0.0023923988296268594,0.5264922000000001,0.005755021160690915
135,0.43908440000000004,0.0023484535848085236,0.5259592,0.005771853996767405
136,0.43811919999999993,0.0023631770479589547,0.5254285999999999,0.005814741906568191
137,0.4371904000000001,0.002297067835306558,0.524934,0.005877396022049205
138,0.43630440000000004,0.0022818208168039755,0.5244416000000001,0.005906163817572295
139,0.43532960000000004,0.002279023703255419,0.5239468,0.0059290434101969694
140,0.4344196,0.0022394630249236015,0.5234460000000001,0.005911424430710414
141,0.4333932,0.0022115917706484562,0.52291,0.005943672130930504
142,0.43253140000000007,0.002219526309823788,0.5224103999999999,0.005950057465268727
143,0.4315962,0.0022463482721964702,0.5219343999999999,0.005938281926618154
144,0.4306894,0.0021537019849552103,0.5214462,0.006038511916027013
145,0.4297498,0.00214776780867951,0.5209710000000001,0.006023541782041547
146,0.42878800000000006,0.0021455193310711534,0.5205212,0.006047741112183983
147,0.4279066,0.00217506134166372,0.5200220000000001,0.006032414209916309
148,0.42701900000000004,0.002094149755867533,0.5195958,0.006056202618803326
149,0.426002,0.0020441687797244155,0.5190886000000001,0.006102591010382398
150,0.42513199999999995,0.0019322677868245913,0.5186528,0.006185575459082181
151,0.424294,0.001967036959490076,0.5182089999999999,0.006204310662757001
152,0.42342820000000003,0.0020163626062789327,0.5177486,0.006191572969771085
153,0.42255739999999997,0.0019406197566757004,0.5172898,0.0061933688861555815
154,0.4215568,0.0019900990327116974,0.5168268,0.006154520497975413
155,0.4206912,0.0019270903870861878,0.5163822,0.006156557167768349
156,0.41985520000000004,0.002002549015629826,0.515932,0.006108805382396787
157,0.419027,0.0019373374512459195,0.5155098,0.006147139152483882
158,0.41822499999999996,0.0019567005902794707,0.5150496,0.006073523609898968
159,0.41741700000000004,0.001934467885492024,0.5146390000000001,0.006086685041958397
160,0.4167046,0.0019880432188461015,0.51426,0.006099589592751278
161,0.415848,0.0019853356391300713,0.5138504,0.006120312854748519
162,0.41506999999999994,0.0020639615306492607,0.513449,0.0060755708209188275
163,0.41429780000000005,0.0020512422967557983,0.5130893999999999,0.006094259941945361
164,0.4134212,0.0020751780068225547,0.512617,0.006039242469051883
165,0.41260700000000006,0.0020781724663752007,0.5122213999999999,0.0060479878505169124
166,0.41173339999999997,0.0020627978669758087,0.51177,0.006017903189650016
167,0.41099040000000003,0.0019866224200889393,0.5114044,0.006053256366617887
168,0.4102468,0.002005735316536051,0.5110372,0.006029917193461284
169,0.409321,0.0020175931205275127,0.5105892,0.0060016507862420765
170,0.4086264,0.001995027879504447,0.5102125999999999,0.006045114907096475
171,0.407899,0.0020086402365779702,0.5098674,0.006058995084995544
172,0.407165,0.00198802092544319,0.5095058,0.006042690043349882
173,0.40639139999999996,0.0019988002001200544,0.5091228,0.006051436768239401
174,0.4057004,0.0019686190692970616,0.508799,0.006085071076002321
175,0.4049672,0.0018993358207541943,0.5084388000000001,0.006130043536550131
176,0.4042024000000001,0.0018925467074817589,0.5080548,0.006166491495169677
177,0.40351040000000005,0.0019414103739292241,0.507706,0.006104413714682175
178,0.4027418000000001,0.00198200559030493,0.5073702,0.006060148229210242
179,0.402022,0.0019874597857566885,0.5070484000000001,0.006060396046464284
180,0.40116320000000005,0.0019493500865673129,0.5066762,0.006105297090232379
181,0.4004676,0.0018858056739759772,0.5063724000000001,0.006129984424123762
182,0.39979820000000005,0.0018310387652914475,0.5060646,0.006181757051195064
183,0.3990762,0.0017735033577639448,0.5057516000000001,0.006228707846736764
184,0.3983406,0.0018231643480498432,0.5054985999999999,0.006203419012125482
185,0.39760999999999996,0.0018116177300965,0.505181,0.006174242366477048
186,0.396953,0.0017380789395191449,0.504894,0.006210560457800892
187,0.3962236,0.0017664498407823457,0.5046388,0.006172078171896411
188,0.3954724,0.001693992042484256,0.5043238,0.0061834390237148745
189,0.3948202,0.0017231716571485152,0.5040624,0.006144305545787891
190,0.3941242,0.0017361284975484835,0.5037389999999999,0.006114509007271148
191,0.39330300000000007,0.001652115250217138,0.5033892,0.006121394462048659
192,0.39260799999999996,0.0016314793287075394,0.5030478,0.0061335388936567285
193,0.3918906000000001,0.0016562944907231947,0.5027082,0.00610340735655091
194,0.3911908,0.0016910302658438678,0.5024054,0.006084824750146869
195,0.39052359999999997,0.0016347208446704279,0.5021096,0.006131287943001873
196,0.3898622,0.0017110218467336995,0.5018304,0.006058055285320554
197,0.3892074,0.0017506433788753197,0.5015373999999999,0.0060234693856613935
198,0.3885864,0.0017278630269787027,0.5012532000000001,0.0060632421821992235
199,0.38785840000000005,0.0017482465043580058,0.5009278,0.006004804556353185
200,0.3872554,0.001757519684100293,0.500694,0.005986255557525103
201,0.3866286,0.0017453498904231328,0.5004158000000001,0.005995819590347955
202,0.3860166,0.0017652168818590018,0.5001808000000001,0.005986504936939423
203,0.3853618,0.0018120718970283715,0.499904,0.005930239556712707
204,0.3847256,0.001809622789423254,0.4995736,0.005935255364346181
205,0.3840478,0.0017352745488826752,0.4992926,0.005986517672236491
206,0.38343900000000003,0.0016996309011076528,0.4990536,0.005985429695518949
207,0.3828512,0.0016068074433484576,0.49881580000000003,0.005957008893731811
208,0.3822098,0.0016255218731225899,0.4985704,0.005966053992380554
209,0.3815672,0.001646862398623512,0.4983204,0.005988392158167317
210,0.3809552,0.00167171210440076,0.49806419999999996,0.005962594448727851
211,0.380282,0.0016354423254887423,0.4978732,0.005987915677429003
212,0.3797026,0.0016511471890779533,0.4976216,0.005946083638833214
213,0.3790614,0.0016492097016449954,0.49737480000000006,0.0059228474706006
214,0.3784722,0.001606202776737743,0.4971396,0.005933959170739213
215,0.37785420000000003,0.001670822958903789,0.4969138,0.0058488702293690775
216,0.37718719999999994,0.001604837113229882,0.4966227999999999,0.005873380607452564
217,0.3766288,0.0016319071542217117,0.49641280000000004,0.005882216228599571
218,0.376056,0.0016019234688336454,0.49618039999999997,0.00585446973175199
219,0.3754644,0.0015571952478735497,0.49595920000000004,0.0058915913096548225
220,0.3748642,0.001483534617054824,0.4957432,0.005897430674454769
221,0.3741974,0.0014788612646222151,0.4954358,0.005904350240288921
222,0.37355499999999997,0.0014469526599028644,0.49517059999999996,0.005922484431385205
223,0.3729666,0.001483174918881793,0.4949506,0.005950300752062867
224,0.3723878,0.0014519388967859552,0.4947242,0.005910716450651317
225,0.37176800000000004,0.0014909211917468967,0.49447740000000007,0.005853445672422361
226,0.3711242,0.0014723788099534668,0.4941832,0.005862029730392013
227,0.3705284,0.0014802292525146182,0.49390239999999996,0.005831283721445899
228,0.3699662,0.001469718258714908,0.49368480000000003,0.0058198967825899015
229,0.3694408,0.001483981859727402,0.4934672,0.005797496266492983
230,0.3687792,0.0015329424516269256,0.49323120000000004,0.005754325378356715
231,0.36820719999999996,0.00152279012342477,0.4930046,0.005755567829502128
232,0.3676238,0.0015409933679286186,0.49275459999999993,0.005735556210168279
233,0.3670418,0.0015696958176665938,0.49251659999999997,0.005719798478967594
234,0.36644299999999996,0.0015839816918133756,0.49231099999999994,0.005658911874203368
235,0.3658648,0.0016100371921170076,0.49204679999999995,0.005603711926928439
236,0.3652996,0.0015863037035826304,0.491822,0.005639269030645743
237,0.36474400000000007,0.0015889002485996472,0.4916288,0.005603926280742808
238,0.3641334,0.0015914267309555803,0.49145880000000003,0.005612447287948461
239,0.363565,0.001634998715595829,0.4912042,0.005633011038512167
240,0.3629826,0.001675838011264802,0.49097760000000007,0.005642259604094804
241,0.36236879999999994,0.0016570005914301894,0.49072639999999995,0.005650159204836617
242,0.3618378,0.0016979111166371369,0.490545,0.005609753292258033
243,0.3612714,0.0017411702501478703,0.49034199999999994,0.005583259299011652
244,0.36067799999999994,0.0017091116990998565,0.49011699999999997,0.0055429699981147254
245,0.3601268,0.0017099372386143413,0.4899546,0.005524558900038992
246,0.35954680000000006,0.0016606597965868946,0.4897294,0.005542337615122353
247,0.35899200000000003,0.0015996460858577464,0.48953300000000005,0.005574879729644398
248,0.35842359999999995,0.0016497364153100476,0.4893128,0.005556743701125684
249,0.35786739999999995,0.0016390754223036827,0.4890942,0.005588698789521599
250,0.3573312,0.0016489753667050244,0.48891439999999997,0.005534633017644444
251,0.3567808,0.0016247817576524027,0.488729,0.005506250884222399
252,0.3562976,0.0016716302940542793,0.48858100000000004,0.005511950181197209
253,0.35577960000000003,0.001631418352232188,0.48846360000000005,0.005447244683323853
254,0.3552384,0.0016339334870183607,0.48824959999999995,0.005444619898578782
255,0.3547262,0.0016258835628666733,0.4880674,0.005463752541980645
256,0.354217,0.001603059948972573,0.48789319999999997,0.005447617365417669
257,0.3536574,0.001603707654156469,0.48770759999999996,0.005467481965219455
258,0.3531284,0.0015961835232829484,0.48753539999999995,0.0054665613176840865
259,0.3526124,0.001562319250345457,0.487337,0.0054343660899869445
260,0.3521516,0.0015595035876842375,0.4872096,0.00542283894652976
261,0.351621,0.0015930426234096802,0.4870692,0.005418054979418356
262,0.35113279999999997,0.0016105461682298897,0.4869536,0.005437434895242413
263,0.350622,0.001594819613624063,0.48675240000000003,0.005428704766332387
264,0.3501292,0.001612281538689821,0.48658619999999997,0.00541341501826711
265,0.34961780000000003,0.001635136618145418,0.4864174,0.0053805232682333105
266,0.3490828,0.0016750804637389897,0.4862285999999999,0.005399948021972072
267,0.348567,0.0016348763867644587,0.4860238,0.005419327722144129
268,0.34804500000000005,0.0016464523072351742,0.485918,0.0054723306552144635
269,0.347578,0.0016558342912260124,0.4857608,0.005404022923711566
270,0.3470448,0.0016122650402461709,0.4855485999999999,0.005400058133020425
271,0.3465034,0.0016409805117672874,0.48536999999999997,0.005344232405126103
272,0.3459446,0.0016679890407313882,0.48514219999999997,0.005355250074459641
273,0.3454378,0.0016719518414116993,0.48498,0.005422024455865166
274,0.34491020000000006,0.0016752946487110958,0.4847746,0.00542369798569204
275,0.3443784,0.0017409421127653937,0.4845532,0.005425793523531845
276,0.3438458,0.0016869716535852068,0.4843782,0.005444313010839842
277,0.3434096,0.0016805007110977355,0.4842322,0.0054636214144100454
278,0.34289200000000003,0.0016670222554003352,0.4840576,0.005486671945724472
279,0.34239079999999994,0.001639242190769881,0.4838636,0.005515530313578206
280,0.3419086,0.0016314751116704267,0.4837224,0.0054872917764594974
281,0.34143559999999995,0.0016230023536643462,0.4835414,0.005497068622456879
282,0.3409442,0.0016154659265982668,0.4834078,0.0054921490292962815
283,0.34046319999999997,0.0016720103348962935,0.4832734,0.005458192909745859
284,0.3400156,0.0016854468368951807,0.48312140000000003,0.005440730487719442
285,0.3395398,0.001642871315715252,0.4830132,0.005446551694420969
286,0.3391014,0.0016575719109589101,0.4828956,0.005424218306816203
287,0.338596,0.001645186311637694,0.4827754000000001,0.005444921802927926
288,0.3381748,0.0016386012815813417,0.4826682,0.005454069211148664
289,0.3376696,0.0015818961533552115,0.4824892,0.005446624253608825
290,0.33723240000000004,0.001601629994724128,0.48236599999999996,0.00543271935590271
291,0.3368062,0.0016187527791481921,0.4822478,0.0053686860738918355
292,0.33630020000000005,0.0016013593475544523,0.48205919999999997,0.005383969702737928
293,0.33582579999999995,0.0016177330311272036,0.48191660000000003,0.005391432559162734
294,0.335393,0.0016049416188758942,0.48174419999999996,0.005430694776913895
295,0.33491980000000005,0.0015872531493117319,0.4816058,0.005438823821379035
296,0.3344682,0.0016026904130242946,0.48146959999999994,0.005446132925296631
297,0.3339742,0.001573853792447076,0.48128659999999995,0.005497704560996337
298,0.3335818,0.00156371767272741,0.48118619999999995,0.0055352286818161405
299,0.3331126,0.0015529034226248707,0.4810534000000001,0.005524932745292024
300,0.3326366,0.0015074241075423958,0.4809336,0.00553183761873033
301,0.3321916,0.0015288613540802032,0.4807624,0.00551217919157207
302,0.3317294,0.0014993676800571663,0.48064720000000005,0.005518174422759763
303,0.3312322,0.0015321875081072773,0.4804726,0.005491259804452892
304,0.33078019999999997,0.001525693206381948,0.4803426,0.005514439539971401
305,0.3303028,0.001526115251217946,0.4801858,0.005550750089852717
306,0.32985600000000004,0.0015680595651951386,0.48006479999999996,0.005529493553662921
307,0.3293884,0.0016051068001849648,0.4799282000000001,0.005516779292304523
308,0.328906,0.0016024197951847756,0.4797678,0.0055562651268635495
309,0.3284068,0.001660610899639052,0.4795941999999999,0.005527403057494541
310,0.3279712,0.0016730877323081453,0.479481,0.005526791003828531
311,0.32750139999999994,0.001647628064825315,0.479316,0.0055532902679402505
312,0.3271046,0.0016511504595281613,0.47921700000000006,0.005550123133769188
313,0.32665479999999997,0.0016277719004823632,0.4790426,0.0055369516739809084
314,0.3262164,0.0016599852529465516,0.4789038,0.005541844653181836
315,0.32577999999999996,0.0016543823016461508,0.478756,0.005514823260993947
316,0.325338,0.0016354007459947048,0.4786466,0.005487018301409239
317,0.32492719999999997,0.001644476013811084,0.47853960000000006,0.005492050458617439
318,0.324458,0.0016581482442773335,0.4783866,0.00547195572350508
319,0.323967,0.001692514697129689,0.47824220000000006,0.00546320519109432
320,0.3235044,0.0016381777192966602,0.47807380000000005,0.00552485928870592
321,0.32308939999999997,0.0016881085984023656,0.47795139999999997,0.005502677551883251
322,0.322646,0.001687449199235353,0.477778,0.005504781775874495
323,0.32214400000000004,0.0017397207821946477,0.4776196,0.0055053906891336995
324,0.32169539999999996,0.0017392109245287259,0.47750719999999997,0.005483792096715558
325,0.32127999999999995,0.0017633888964150803,0.4773606,0.005454792996988982
326,0.32082439999999995,0.0017522895422846041,0.4772334,0.005466504096769703
327,0.32036739999999997,0.001787420554877899,0.47710759999999997,0.0054725215979473186
328,0.319947,0.0017698986411656423,0.4769858,0.005456422175748514
329,0.3195312,0.0017587967932652091,0.4768836,0.005463053746761052
330,0.3191204,0.0017946826571848436,0.4767786,0.005432092473439677
331,0.3186954,0.0017457446090422277,0.47666959999999997,0.005456752389471234
332,0.3182676,0.001733242579675459,0.4765832,0.005436223115362359
333,0.3178394,0.0016902885670796002,0.4764672,0.0054250719221038725
334,0.31743479999999996,0.0016701845886009216,0.4763702,0.005437763047430445
335,0.31698639999999995,0.0016677046021403076,0.47617580000000004,0.005425274164500812
336,0.316553,0.0016777335902937742,0.47607900000000003,0.0054111535553890925
337,0.3161962,0.0016289971639017694,0.4759856,0.005372787715888289
338,0.31579959999999996,0.0016508392532284984,0.47589180000000003,0.005392142260734602
339,0.3153664,0.0015743409541773379,0.47575880000000004,0.0054423502790614175
340,0.3149532,0.0015752251140710037,0.47562999999999994,0.0054416007938840995
341,0.3145356,0.0015770905617623855,0.47553539999999994,0.005428273154512393
342,0.3141044,0.0015550199484251038,0.475391,0.005443222244222626
343,0.3136748,0.0015304014375320013,0.4753342,0.005440973493778465
344,0.31325,0.001438650756785689,0.47520660000000003,0.0054946048301948045
345,0.3128064,0.001402486591736273,0.47512099999999996,0.00547947325935623
346,0.31237580000000004,0.0014093224471354987,0.4750306,0.0054736037708259504
347,0.3119716,0.0013875093657341616,0.47496459999999996,0.005489352770591446
348,0.3115922,0.001376309325696803,0.4748868,0.005497255657143851
349,0.311168,0.0014037821768351393,0.47477719999999995,0.005502511114027858
350,0.3107424,0.0013516167504141038,0.47466759999999997,0.005538826756633581
351,0.31035080000000004,0.0013790224653717487,0.47455800000000004,0.005540890072903461
352,0.309888,0.0013756860106870308,0.47440899999999997,0.005533251340757989
353,0.30950099999999997,0.0014014261307682353,0.4742998,0.0054870646214528985
354,0.3090758,0.0013984017162460866,0.4741854,0.005471604393594261
355,0.30866319999999997,0.001356695308460981,0.47404719999999995,0.005529155067458319
356,0.308268,0.0013910650595856363,0.4739292,0.0055250107475008515
357,0.30791899999999994,0.001382114756451146,0.47382040000000003,0.0055425360476951385
358,0.3075186,0.0013647799236507039,0.4736956,0.005514682931955384
359,0.30713219999999997,0.0014000526275822634,0.4735824,0.005503712586972543
360,0.3067712,0.0014121392849149165,0.4734814,0.005492336974367099
361,0.3063224,0.0014405061055059684,0.4733854,0.005503797074747568
362,0.30592199999999997,0.0014302369034534129,0.47330819999999996,0.005489211579088563
363,0.3055032,0.0014673315099186087,0.4732122,0.0054424903637948704
364,0.3050984,0.0014401586857009747,0.47309860000000004,0.0054459648768606685
365,0.304645,0.001457970781600241,0.47301380000000004,0.005484398760119461
366,0.30424439999999997,0.0014437241564786562,0.472908,0.0054521855801137305
367,0.30386080000000004,0.0014259502656123698,0.472755,0.005470999543045133
368,0.30350320000000003,0.0013955026907892364,0.4726654,0.005488293126282509
369,0.3031078,0.001403653148039077,0.4725512,0.005506493853624103
370,0.3026916,0.0013593231551032995,0.47247680000000003,0.005515330902130893
371,0.3023544,0.0013634546710470361,0.4723524,0.0055093790067484005
372,0.3019418,0.0013174363589942336,0.47227040000000003,0.005555169649974714
373,0.3015304,0.0013257305306886584,0.472133,0.005530469383334487
374,0.3011508,0.0013138808774009905,0.472044,0.005531727035926484
375,0.300763,0.0013179300436669632,0.47192160000000005,0.005505081456254755
376,0.30036000000000007,0.001283759323237819,0.4718388,0.005504134060867337
377,0.2999402,0.0012606111851003118,0.47173980000000004,0.0055537392952856425
378,0.29954939999999997,0.0012799268104075447,0.471636,0.005527760161222635
379,0.2991776,0.0012491626955685206,0.47157020000000005,0.005489755309665462
380,0.29881100000000005,0.0012652675606368785,0.4714874,0.005507512999530737
381,0.2983958,0.0012738670888283487,0.47140879999999996,0.005532597017676239
382,0.2980218,0.0012405123780115932,0.47129840000000006,0.005554243084345514
383,0.2976156,0.0012848351800912171,0.4711756,0.005528699507117376
384,0.2972278,0.00128436963526861,0.4711168,0.005502283794934602
385,0.2968674,0.0013047949417437222,0.47105119999999995,0.005498430845250309
386,0.296516,0.0013357076027334788,0.47095539999999997,0.005512125564607549
387,0.29612819999999995,0.0013391402316411934,0.4708487999999999,0.005507807454877105
388,0.295709,0.0013113742410158925,0.47072400000000003,0.005476751847582646
389,0.29531700000000005,0.001340054327256918,0.47065660000000004,0.0054852231896250075
390,0.29495740000000004,0.0013044676462066714,0.470559,0.005477673411221224
391,0.29460739999999996,0.0012889463293713971,0.47045899999999996,0.005478084665282198
392,0.2942036,0.00127594241249361,0.47035499999999997,0.005480141531019064
393,0.2938683999999999,0.0013211008439933715,0.4702986,0.005551816589189521
394,0.2934686,0.001336086763649734,0.47021579999999996,0.00553165022032305
395,0.29308799999999996,0.001303856587205822,0.4701346,0.005541178163531669
396,0.29270779999999996,0.0013004332201232123,0.47001499999999996,0.005555139782219704
397,0.2922924,0.001357957966948904,0.469914,0.005511812877810723
398,0.2919436,0.0013492621094509305,0.4698125999999999,0.005517059383403444
399,0.2915398,0.001391576573530886,0.4696752,0.005529643547282232
400,0.2911764,0.0014104615698415826,0.46962339999999997,0.005576319273499316
401,0.29077580000000003,0.0014132792222345853,0.4694822,0.0056088868913537464
402,0.2904442,0.0014573816795884359,0.46943160000000006,0.005596067998157269
403,0.29006659999999995,0.001453053419527298,0.46937680000000004,0.005633504642760141
404,0.2896858,0.0014611851901795273,0.4692748,0.005613535691522772
405,0.289323,0.001447759648560492,0.46916139999999995,0.00562875149922253
406,0.288972,0.001436773746976189,0.46907899999999997,0.005619841172132891
407,0.28860220000000003,0.001399438515977032,0.4690207999999999,0.005659770150810013
408,0.2882158,0.0014095008194392993,0.4689596,0.005667603677040245
409,0.2878752,0.0013885683850642797,0.4688732,0.005672388364701405
410,0.28750679999999995,0.0013925638800428536,0.4687642,0.005638324552559907
411,0.2871884,0.0013820403177910647,0.46874760000000004,0.0056522656908535255
412,0.2868202,0.0013745215021963228,0.4686618,0.005662665040420458
413,0.2864792,0.00135686320607496,0.4686082,0.00566032163043761
414,0.28612859999999996,0.0013665234136303606,0.4685352000000001,0.005639981822665738
415,0.28577139999999995,0.0013694151452353564,0.46848999999999996,0.005642657813477618
416,0.2854278,0.0013593691772288991,0.4684538,0.005647458415960237
417,0.28511879999999995,0.0013486727401412178,0.4683854,0.005657678697133647
418,0.2847888,0.0013655154924057083,0.46833479999999994,0.005698051716157025
419,0.28444539999999996,0.0013858739625232828,0.46825599999999995,0.005740530811693285
420,0.2840698,0.0013788809085631744,0.4681719999999999,0.005774360293573661
421,0.28370219999999996,0.001351169626656841,0.46807800000000005,0.005808753876693343
422,0.28339400000000003,0.0013602432135467499,0.4680312,0.005791287124638174
423,0.2830166,0.0013766920643339367,0.46794840000000004,0.005795788560670579
424,0.2826828,0.0013814200519755042,0.46790079999999995,0.005803134856265181
425,0.28233279999999994,0.0014273681235056422,0.4678332,0.005793351824289638
426,0.2820074,0.001441442693970181,0.4677315999999999,0.005803593665996943
427,0.2816872,0.001446800525297113,0.46768420000000005,0.005776857187087106
428,0.28130639999999996,0.0014659867120816598,0.46760900000000005,0.005792657006935585
429,0.281004,0.0014567485713052838,0.46758,0.005794207590344001
430,0.2806778,0.0014432382201147525,0.4674912,0.005843443245210842
431,0.2803918,0.001418690438397338,0.4674512,0.005880613280942731
432,0.2800832,0.0013903598670847793,0.46742340000000004,0.005894332484683902
433,0.27975199999999995,0.001388573944736123,0.46734800000000004,0.005900715346464364
434,0.2794192,0.0013544125516252367,0.4673142,0.005923702099194382
435,0.27906640000000005,0.0013367507770710397,0.4672796,0.005944852718108332
436,0.2787248,0.0013403341971314417,0.4672104,0.005935080373508
437,0.278385,0.001328820078114417,0.4671816000000001,0.005929992532878926
438,0.2780374,0.0012868256447553417,0.46714200000000006,0.00592895785108986
439,0.27769900000000003,0.0012864249686631575,0.46704860000000004,0.00589398658295047
440,0.2773842,0.0012816229398695982,0.46698379999999995,0.005899932962331021
441,0.2770594,0.0013111235792250906,0.46693999999999997,0.005876098535593142
442,0.27670399999999995,0.0012839560740149946,0.46690439999999994,0.0058575471180349874
443,0.276357,0.0013099160278429987,0.46682679999999993,0.005811323959305658
444,0.2760194,0.001326934753482624,0.4667814,0.005837737870100021
445,0.2756824,0.0013246318129956063,0.4667192,0.005845889817641101
446,0.27533799999999997,0.00134092371147654,0.46668279999999995,0.005843384375513895
447,0.274983,0.0013425980783540595,0.4666314,0.005873073389631695
448,0.2746518,0.00134002588034709,0.46657080000000006,0.005855950628207171
449,0.27433019999999997,0.0013411330135374361,0.4665096,0.005894084207067288
450,0.2739808,0.0013184034890730452,0.466489,0.005895498723602606
451,0.2736738,0.0013288928323984574,0.4664376,0.005879785152537456
452,0.2733454,0.0012843995639986849,0.4663364,0.005828749800772038
453,0.27300040000000003,0.0012719853143806318,0.46629819999999994,0.005826438479894901
454,0.2726996,0.0012753612194198148,0.46620819999999996,0.005829809032892932
455,0.27239120000000006,0.001281100214659258,0.46616359999999996,0.005790920362084071
456,0.272066,0.0012526428062300933,0.4661424,0.005793792457449625
457,0.27175659999999996,0.0012527126725630246,0.4660634,0.005825578996117037
458,0.2714008,0.0012422514077271127,0.466012,0.005839915444593362
459,0.27107420000000004,0.0012040321258172362,0.46594420000000003,0.005837235009831283
460,0.270723,0.0011989623847310665,0.4658734,0.005847211116421231
461,0.2703774,0.0011483591075965634,0.4658092,0.0058385653511800265
462,0.2700518,0.0011475269757177822,0.46574220000000005,0.005795951911463727
463,0.2697522,0.0011222250041769647,0.4656854000000001,0.005804962104958145
464,0.26944880000000004,0.0011205734960278197,0.465647,0.005774071146080555
465,0.2691256,0.0011072446161530915,0.46557460000000006,0.00574357591052821
466,0.2688112,0.0011255575329586665,0.4655524,0.005701235571347655
467,0.268495,0.0011343020761684344,0.4654802,0.005701700672606374
468,0.2681898,0.001131820021028067,0.46543239999999997,0.005673322222472465
469,0.26784800000000003,0.0011358709433734028,0.46534499999999995,0.005682433176025918
470,0.2675406,0.0011395896805429634,0.46529679999999995,0.005703753129300041
471,0.2672254,0.0011307453471051817,0.465299,0.005700455595827394
472,0.2668838,0.0011390075328987152,0.46527440000000003,0.005706642115990807
473,0.2665476,0.0011658704216163786,0.4652064,0.005690043043773929
474,0.2662064,0.001179116550642883,0.4651628,0.005662398869737103
475,0.2658762,0.001171320349007895,0.46510860000000004,0.005690420005588336
476,0.2655566,0.0011387564445481803,0.46505219999999997,0.005696037478809275
477,0.2652606,0.0011247468337363719,0.46500319999999995,0.0056766143571674935
478,0.2649412,0.001151454106771082,0.46494099999999994,0.005680712384903853
479,0.2646254,0.0011710866065325694,0.4648676,0.00564621450531238
480,0.26432700000000003,0.0011656519206006577,0.46476680000000004,0.005627652846436074
481,0.2640118,0.001157509464324177,0.46470720000000004,0.0056233822704845424
482,0.2637062,0.0011757556548875202,0.4646286,0.0056059456151482554
483,0.2633822,0.0012047468447769377,0.4645746,0.005626202008460059
484,0.263064,0.0011872140497820897,0.4645322,0.0056010850877307675
485,0.26274980000000003,0.0011792152305665007,0.4644514,0.005593728259399094
486,0.2624516,0.0011808113481839508,0.4644508000000001,0.005575353886525955
487,0.26216619999999996,0.0011823769957166829,0.464396,0.005631941157363057
488,0.26185159999999996,0.0011804369699395276,0.464372,0.00566677149706957
489,0.26155999999999996,0.0011747316289263713,0.4643378,0.005677888776649298
490,0.26125360000000003,0.0011807219147623338,0.4642874,0.005652475302024771
491,0.2609494,0.0011697135717772917,0.46427060000000003,0.005639784520706449
492,0.26062620000000003,0.0011610192763257575,0.4641904,0.005665789427784968
493,0.260318,0.0011713453803212806,0.46414520000000004,0.0056697467103919204
494,0.2600206,0.0011888667881642615,0.46409500000000004,0.005642057355256136
495,0.2597294,0.0012063453236946758,0.46403039999999995,0.005625651876893904
496,0.2594402,0.00121294144953498,0.4640052,0.005672085380175434
497,0.259143,0.0012478379702509548,0.463962,0.005657900564697116
498,0.25883599999999996,0.0012183899211664479,0.4639182,0.005645497087059741
499,0.2585478,0.0012094918602454452,0.4638458,0.00568543421033082
500,0.25821479999999997,0.0012065941156826465,0.46378139999999995,0.005678680184690802
501,0.25792200000000004,0.0012133110071205957,0.46375259999999996,0.005711650920705843
502,0.257647,0.0012248193336161918,0.4636964,0.005746613075542859
503,0.25736440000000005,0.0011990530597100408,0.46366199999999996,0.005774444665939752
504,0.257091,0.0011938463887787327,0.4636276,0.005773965798305346
505,0.25679740000000006,0.0011952557215926603,0.46358740000000004,0.005764534485975437
506,0.25650920000000005,0.001165146068096187,0.463529,0.005792830327223463
507,0.2562074,0.0011814387161423136,0.4634892,0.0057885900666742734
508,0.25594700000000004,0.0011663966735206382,0.4634488,0.005801311899906795
509,0.255665,0.001164842135226914,0.46341020000000005,0.005791497540360354
510,0.2553802,0.0011244667002628405,0.46334780000000003,0.005795562523172368
511,0.2550716,0.0011099568640267057,0.4632982,0.005808649701953121
512,0.25479199999999996,0.0010847458688559351,0.4632764,0.005803505547511784
513,0.2545108,0.0010746079098908677,0.46323179999999997,0.00584397157419506
514,0.25423239999999997,0.0010864405367989548,0.46318460000000006,0.005826864494734709
515,0.25393419999999994,0.0010921676428094723,0.46317579999999997,0.005811948155309017
516,0.25365899999999997,0.0010925602958189644,0.4631332,0.005781033347075588
517,0.2533672,0.0010669885472674976,0.4630974,0.005777890881627994
518,0.2530748,0.0010621725660173947,0.46304860000000003,0.005790640537971607
519,0.25280539999999996,0.0010569848816326562,0.46303420000000006,0.005809807342761026
520,0.25249,0.001030369642409948,0.46295780000000003,0.0058100995998347504
521,0.2521898,0.0010475723173127515,0.4629408,0.005840486637258908
522,0.25189659999999997,0.0010455455226818303,0.46289440000000004,0.0058410154117242334
523,0.25162819999999997,0.0010584308007611913,0.46287200000000006,0.005858025093834941
524,0.2513386,0.0010605158367511611,0.46284980000000003,0.005849277610098542
525,0.2510318,0.0010705915000596635,0.4628338,0.005865084497260039
526,0.2507676,0.0010697769113231078,0.46281940000000005,0.005860649336037775
527,0.250467,0.0010289670548661847,0.46279699999999996,0.005881878441450487
528,0.2501984,0.0010270228040311499,0.46276039999999996,0.005881800051004799
529,0.24993880000000002,0.0010072313339049828,0.46274879999999996,0.005927545272707742
530,0.24967579999999998,0.0009900307874000582,0.4627172,0.005968666196060895
531,0.24941299999999997,0.000958120451717835,0.462671,0.005968150400249649
532,0.2491104,0.0009629098815569304,0.46262879999999995,0.00596369101815311
533,0.24882780000000002,0.000989244843302199,0.46256719999999996,0.0059557957789031024
534,0.24854919999999997,0.000990941249519875,0.46251939999999997,0.005943469915798346
535,0.24829759999999998,0.0009700753785144707,0.46247799999999994,0.005976275596054772
536,0.2480066,0.0009551907872252572,0.46239919999999995,0.0059520220228087275
537,0.2477394,0.0009430157156696842,0.4623334,0.005953405364999081
538,0.2474364,0.0009365239132024377,0.46228199999999997,0.005968820955599195
539,0.24715199999999998,0.0009436948659391995,0.46225879999999997,0.005970647381984634
540,0.24690240000000002,0.000960930507372934,0.4622256,0.006008997873189843
541,0.2466304,0.000936475221241865,0.46218059999999994,0.006008105212128036
542,0.2463352,0.0009418826678519972,0.4620902,0.006002482299848968
543,0.246081,0.0009370532535560575,0.46207980000000004,0.005982379573380471
544,0.2457818,0.0009123353330875628,0.4620514,0.005955571730740882
545,0.2455,0.0009101072464275864,0.4620242,0.0059418477732099545
546,0.2452442,0.0009511040742211121,0.4619936,0.005967981186297416
547,0.2449776,0.0009325227289455227,0.4620248,0.005991005070937581
548,0.2447202,0.0009552225709226087,0.46199840000000003,0.0059686508224221025
549,0.2444428,0.0009637166388518937,0.4620208,0.005970234782653014
550,0.2442148,0.000984851948264306,0.4619584,0.005988124935236399
551,0.2439648,0.0009675100826348013,0.46194100000000005,0.0059936289174422576
552,0.24368779999999995,0.0009745297122202145,0.4619254,0.005981884940384582
553,0.2434008,0.0009918264767589148,0.46188060000000003,0.006012441853357079
554,0.2431346,0.0010183548693849338,0.4618456,0.005959126432624166
555,0.2428452,0.0010256442658153953,0.4618352,0.005955492772222967
556,0.2425858,0.0010342085669728348,0.461822,0.005955289245704188
557,0.242295,0.0010280848214033733,0.4618022,0.0059327161536685815
558,0.24202780000000002,0.0010029652835467505,0.4617682,0.005928970480614649
559,0.24175440000000004,0.0010033218028130334,0.46176779999999995,0.005929161067132501
560,0.24147880000000002,0.0009957819841712292,0.4617324,0.005944430657346422
561,0.2412072,0.0010163000344386493,0.4616838,0.005932322492919615
562,0.2409262,0.0010114297602898629,0.46168819999999994,0.0059720628730782835
563,0.2406768,0.0010196939540862244,0.46165020000000007,0.005956716357188746
564,0.240415,0.0010283761957571786,0.46161140000000006,0.005945440727145468
565,0.24016500000000002,0.0010062385403074184,0.46160120000000004,0.005976986076610855
566,0.2398958,0.0010493427276157198,0.46154220000000007,0.005962793083782124
567,0.239635,0.0010308216140535622,0.4615298,0.005957805179762095
568,0.23939459999999996,0.0010296707434903686,0.46150159999999996,0.0059327966626204175
569,0.23915619999999999,0.0010503910509900537,0.4614756,0.005944895073926872
570,0.23888059999999997,0.001067715804884423,0.46142220000000006,0.005916992932224946
571,0.23862899999999998,0.0010754751508054473,0.46142079999999996,0.005957332772306737
572,0.2383764,0.0010811733626019458,0.4613948,0.005997999213070964
573,0.238132,0.0010936165690039633,0.4613892,0.0060182786043851445
574,0.23785700000000004,0.0010902918875237042,0.46133500000000005,0.006039861091117897
575,0.2375728,0.001094678107938587,0.46124780000000004,0.006064642591282689
576,0.23733179999999998,0.0010925429785596543,0.4612218,0.006091444735036188
577,0.2371102,0.0010861707784690204,0.4612292,0.006119270525152489
578,0.236843,0.0010688607018690475,0.46119000000000004,0.006131619394580847
579,0.23660499999999995,0.0010791522598780957,0.46116599999999996,0.006138440420823516
580,0.23637699999999998,0.0010882106413741767,0.4611372,0.006122234605109478
581,0.23612380000000002,0.0010986825565193973,0.46105840000000003,0.006081069728263281
582,0.23588479999999995,0.0010998286048289514,0.4610328,0.006058109520304158
583,0.23563039999999996,0.0010830129454443254,0.4610188,0.0060479942592565365
584,0.235378,0.0010747565305686644,0.46097199999999994,0.006076606816307934
585,0.235121,0.0010673676030309345,0.4609528,0.006070831751910114
586,0.234895,0.0010781780928955991,0.460961,0.0060534790327546415
587,0.2346358,0.0010712092979432144,0.46095319999999995,0.006066462705728928
588,0.23439200000000002,0.001076714075323615,0.4609278,0.0060743976952451866
589,0.23414200000000002,0.0011019733209111718,0.460911,0.006050453040888755
590,0.2338958,0.001146156603610513,0.4609208000000001,0.006095755552841657
591,0.23366480000000003,0.0011142562362401183,0.4608866,0.006104766681864255
592,0.2334292,0.0011028973478978048,0.4608808,0.006136846173727987
593,0.23318380000000002,0.0010884872805871466,0.4608282,0.006122912979946716
594,0.23289980000000005,0.0010866529160684167,0.4607976,0.006121962711418627
595,0.23264239999999997,0.0010641326233134698,0.460786,0.006125723206283483
596,0.2323836,0.0010683771993074422,0.4607392,0.006146037272910085
597,0.2321126,0.0010806184525539125,0.4607368,0.006147826978697431
598,0.231888,0.001109575774789627,0.46072499999999994,0.006171229926035817
599,0.23163999999999998,0.0011299860176126118,0.4606836,0.006204961389082119
600,0.2313946,0.0011278688930899759,0.4606276,0.006235355630595568
601,0.23113640000000002,0.001125716767219891,0.46057319999999996,0.006274879103217846
602,0.230905,0.0011108241985120823,0.4605936,0.00627886835663879
603,0.23065860000000002,0.0010859115249411454,0.46054399999999995,0.006294268281539962
604,0.2304204,0.001067545333932004,0.46053920000000004,0.00631061094982094
605,0.23019379999999998,0.0010788552080793815,0.46048600000000006,0.006323786903430579
606,0.22994799999999999,0.001075687872944561,0.4604456,0.006327963767279333
607,0.2297044,0.0010822806660011942,0.4604204,0.006274677221977227
608,0.2294476,0.0010758246325493772,0.4604032,0.006250922472723534
609,0.22918219999999997,0.0010821747363526783,0.46035519999999996,0.006286239015500439
610,0.2289294,0.0010818148825007005,0.46032899999999993,0.00629389358028876
611,0.22868439999999998,0.001090643589812918,0.46031760000000005,0.0062714634528154576
612,0.228455,0.0010764781465501265,0.46031500000000003,0.0062734548376472705
613,0.228211,0.001097428813181059,0.460271,0.00628272485471073
614,0.22796460000000004,0.00113642080234392,0.4602742,0.006272391486506568
615,0.22772739999999997,0.0011106563104759301,0.46025299999999997,0.006283964226505427
616,0.22746719999999998,0.0010948891085402223,0.4602322,0.0063273983721589665
617,0.22725659999999998,0.0010918479014954434,0.4602112,0.006312936508472106
618,0.2270102,0.0011124104278547506,0.4601838,0.006269529500688221
619,0.226732,0.00110311921386584,0.4601578,0.006299561933976031
620,0.22651659999999998,0.0010920982739662229,0.46015179999999994,0.006279397149408542
621,0.226302,0.001084630812765338,0.4601516,0.0062711524172196585
622,0.22605899999999995,0.0010827856666949412,0.46011560000000007,0.006250859256134314
623,0.2258174,0.001082779682114507,0.46011620000000003,0.006253922877682458
624,0.22559840000000003,0.0010924201755734817,0.4600774,0.006258392144952248
625,0.2253696,0.0010902773225193647,0.46007560000000003,0.006240211746407328
626,0.22513620000000004,0.0010963724549622738,0.460068,0.006218417708710162
627,0.224902,0.001079963517902345,0.4600548,0.006241917955244204
628,0.2246578,0.0010691556294571893,0.4600328,0.006222906536338138
629,0.2244412,0.0010767717306838973,0.46003499999999997,0.006192614504391505
630,0.22420179999999998,0.001096356766750678,0.4600416,0.0061661450388391
631,0.22396000000000002,0.0010768390780427717,0.46005579999999996,0.006174675810113428
632,0.22374859999999996,0.0010760291074129917,0.4600466000000001,0.006180969102009811
633,0.2235338,0.00106376922309306,0.46000700000000005,0.006194872363495473
634,0.22331519999999996,0.0010563804996306912,0.45999159999999994,0.006233686697292381
635,0.22309099999999998,0.0010622103369860387,0.4599572,0.00620726108360201
636,0.22287039999999997,0.0010754685676485404,0.4599306,0.006240772118896826
637,0.2226554,0.0010903384061840664,0.45990739999999997,0.006226273832718888
638,0.2224156,0.001070522974998664,0.45986479999999996,0.0062224819292626314
639,0.2222002,0.0010716516971479044,0.45990640000000005,0.00620323498184616
640,0.22196539999999998,0.0010617870973034117,0.45989800000000003,0.0062264207374702705
641,0.2217422,0.001069537357926318,0.45989320000000006,0.0062564326065258765
642,0.22151200000000001,0.0010455079148433116,0.4598352,0.006233042191418239
643,0.22128679999999998,0.001063941802919685,0.4598264,0.006236802693688492
644,0.221054,0.0010711412605254242,0.4598028,0.006234470287041231
645,0.2208342,0.0010829938873326988,0.45978059999999993,0.006218239512916833
646,0.22062900000000002,0.0011061560468577658,0.459786,0.006229872069312496
647,0.2204202,0.0011069833603085419,0.4597798,0.006227262493263002
648,0.22017759999999997,0.0011406753438204973,0.4597628,0.006230533376846638
649,0.219935,0.001145012139673632,0.45971799999999996,0.006276519831881362
650,0.2197336,0.0011484411347561564,0.45969819999999995,0.00627640732903785
651,0.2195294,0.00114404765635003,0.45968020000000004,0.006239690614125026
652,0.21933320000000003,0.001127326997813849,0.4596628,0.006211640601322646
653,0.2191208,0.0011384226631616149,0.45965180000000005,0.00619746475262264
654,0.21891,0.0011327229140438574,0.4596298,0.006197278706012827
655,0.2186874,0.0011324798629556287,0.4596398,0.006195547736883315
656,0.2184584,0.0011249863288058204,0.45959700000000003,0.006201278706847483
657,0.2182382,0.001117463091113079,0.4595974,0.006221628294908026
658,0.21801759999999998,0.0011241719797255296,0.4595926,0.006238066161880611
659,0.21777739999999998,0.0011257260057403007,0.45957880000000007,0.006218813308019466
660,0.2175698,0.0011372078789737671,0.45956539999999996,0.0062186698770717985
661,0.21734720000000002,0.0011462368690632828,0.4595944,0.006250801119856561
662,0.21712879999999996,0.0011367207924552155,0.4595956,0.0062311814802651945
663,0.21692959999999997,0.0011154791974752399,0.4596030000000001,0.006235900833079378
664,0.216706,0.0011079676890595705,0.4595868,0.006226915975023269
665,0.21648779999999998,0.0011026410839434558,0.45956260000000004,0.006213491437187298
666,0.2162846,0.0011251008132607525,0.45953540000000004,0.006225639873940678
667,0.21607020000000002,0.0011138928853350323,0.45953900000000003,0.0062025702736849386
668,0.21587019999999998,0.0011127205219640794,0.459537,0.006201657842867505
669,0.21567719999999996,0.0011035153646415613,0.4595364,0.006149431603002013
670,0.2154702,0.0011000813424470062,0.459534,0.006171607019245477
671,0.2152898,0.001080236899943713,0.4595168,0.006136080846925014
672,0.21508259999999998,0.0010943320519842283,0.459483,0.006091056492924696
673,0.21489320000000003,0.0010919989743584902,0.45947499999999997,0.00609272103415215
674,0.21466159999999998,0.0011020403985335546,0.459456,0.006086458904814847
675,0.21445940000000002,0.0010858768991004446,0.4594344,0.006039878363013619
676,0.21426219999999999,0.0010738875918828788,0.45944900000000005,0.0060567051438880585
677,0.21402219999999997,0.001080271151146785,0.45943179999999995,0.006092204179112849
678,0.21381519999999998,0.0010732226982318302,0.45944019999999997,0.006108714706057239
679,0.213613,0.0010653350646627525,0.45942540000000004,0.006128856291348342
680,0.21339239999999998,0.0010881657226727958,0.4594658,0.00615671602073703
681,0.21317080000000002,0.001111968596678886,0.4594412,0.0061595417167188676
682,0.21296140000000002,0.0010933101298350853,0.45942,0.006132533407980743
683,0.2127604,0.0010951369959963883,0.45938560000000006,0.0061596252353532015
684,0.21254080000000003,0.0010956660805190594,0.4593337999999999,0.0061402255463459884
685,0.21233,0.001096625186652216,0.45934120000000006,0.006157268790624628
686,0.2121266,0.0010768469900594066,0.4593018,0.0061990899783758695
687,0.21191900000000002,0.0010817217756891077,0.4592924,0.006192515501797314
688,0.21169159999999998,0.0010660903526437098,0.4592932,0.006221814957068389
689,0.21147939999999998,0.0010544032625139275,0.459294,0.006187018215586575
690,0.2112704,0.0010573136904438525,0.4593058,0.0061789064210424904
691,0.2110858,0.001065640164408233,0.4592848,0.006166629627276157
692,0.21088079999999998,0.0010498619718801122,0.45925659999999996,0.006182662876140015
693,0.2106586,0.001027583106128159,0.459248,0.006194999887005658
694,0.2104624,0.0010258041918417015,0.459225,0.0062325783428690135
695,0.21026799999999998,0.0010268820769689152,0.459225,0.006246363357986783
696,0.2100536,0.0009988897036209829,0.459253,0.006205314206387939
697,0.2098648,0.001003256178650297,0.4592516,0.006220802025462621
698,0.20963479999999998,0.0010100093860950009,0.45923299999999995,0.00623967457484763
699,0.20939959999999996,0.001006480720133277,0.459202,0.006234040840418028
700,0.209189,0.0010044962916805646,0.459201,0.006253173466328922
701,0.2089724,0.0010310981718536798,0.4591874000000001,0.006239105307654288
702,0.208794,0.0010151411724484444,0.4591626,0.00624181433879607
703,0.208587,0.0010081025741461016,0.45917639999999993,0.0062643965583286726
704,0.20838980000000001,0.001006352900328703,0.4591826,0.006260150720230311
705,0.20818520000000001,0.0009909313598832096,0.4591930000000001,0.006300987890799331
706,0.20798300000000003,0.0010079001934715484,0.4591646,0.006346153310470848
707,0.20780279999999998,0.0010000300795476118,0.4591728,0.006350615541819541
708,0.2075892,0.0010094700391789684,0.45918000000000003,0.00631614971323511
709,0.20739860000000002,0.0010156126426940496,0.45915799999999996,0.006349967999919366
710,0.2072018,0.0009901285573096074,0.4591526,0.00635356361737253
711,0.20700719999999997,0.0009864346709235277,0.45914479999999996,0.006337908532000133
712,0.206802,0.000980072446301804,0.45914600000000005,0.006356611801895718
713,0.2065956,0.0009922613768559188,0.45915480000000003,0.006371920068550768
714,0.20639180000000001,0.0009872394643651574,0.45912119999999995,0.006356795085575756
715,0.2061928,0.0009654141909046026,0.4590916,0.006367695488950465
716,0.20598680000000003,0.0009706277144199055,0.4590986,0.006366296524668018
717,0.20579399999999998,0.0009552396557932513,0.45909359999999994,0.006391990225274123
718,0.2055848,0.0009807234880433882,0.45908040000000006,0.006429695905717466
719,0.20538420000000004,0.0009737647354469095,0.45908679999999996,0.006449994027904202
720,0.20517079999999996,0.0009501508090824277,0.4590704,0.006490664637770161
721,0.20496180000000003,0.0009523078073816234,0.45903679999999997,0.006472578694770727
722,0.2047694,0.0009701102205419744,0.45903900000000003,0.0064894323634659915
723,0.2045824,0.0009614375902782273,0.4590248,0.006500040135260697
724,0.2043876,0.0009674044862414084,0.45900740000000007,0.006527255521273858
725,0.20419419999999996,0.0009678358125219406,0.4589806,0.006535686730558615
726,0.2039954,0.000943800105954649,0.4589638,0.006522267624070629
727,0.2037956,0.0009337889697356681,0.4589822,0.006537909219314679
728,0.20362719999999998,0.0009418716260722564,0.458974,0.006543139582799684
729,0.20342599999999997,0.0009397254918325929,0.45896739999999997,0.006534105863850076
730,0.2032344,0.0009310818653587858,0.4589702,0.006541044363096758
731,0.20304139999999998,0.0009239832466013636,0.45896780000000004,0.006538078751437619
732,0.2028664,0.0009188951191512501,0.4589556,0.006554355486239672
733,0.2026746,0.0009244242748868085,0.4589448,0.006543271946052678
734,0.20249859999999997,0.0009196180946458177,0.458943,0.006578213161641996
735,0.20230019999999999,0.0008975204510204835,0.4589149999999999,0.006578633535925215
